workerid,proliferate.condition,preloadResp,error
182,10,2098;1247;2283;1530;3011;1209;1457;2004;4306;2264;2847;1767;1338;1074;1668;3008;1633;2480;4796;1623;1451;1229;1662;1768;1725;1583;2020;3554;1464;1861;1477;1965;2292;2743;1126;1089;1684;1611;1115;1236;1372;1481;1442;1230;1947;1402;1553;1938;1728;1600;1319;1955;1385;1470;1380;2469;1894;1486;1479;2392;1848;2437;2278;1828;1203;1394;1548;2764;2813;1698;1896;2083;2292;2079;2726;1595;1512;1400;1547;4024;896;1400;1722;1127;1227;1355;1474;1347;1317;1374;1655;2284;1752;1566;1536;1639;2173;1305;1314;1171;2090;2049;1461;1393;2495;1175;2058;1478;2422;1844;1134;2602;1422;4339;2235;1496;1913;1657;1452;1501;1298;1555;1827;2146;2444;2014;1493;1228;1350;1121;2380;1179;2018;1529;889;1628;1391;2573;1570;1470;1302;1189;1342;1235;1564;1159;3015;1549;1262;1231;1947;1601;1475;1691;1516;1038;1670;1159;1538;1981;1126;1044;1272;1211;1105;1524;2659;1392;1115;1628;1941;1446;1321;1599;2814;1065;1691;1764;2050;1186;1376;1547;1941;1526;1366;1278;1485;4528;1623;1989;1319;2293;1506;1465;1443;1389;1135;1908;,
318,10,534;341;176;243;1014;321;760;661;249;413;334;261;307;275;288;388;296;311;496;513;315;493;400;483;401;642;358;1238;188;469;268;252;273;282;231;291;494;418;588;849;294;191;263;613;195;278;637;300;327;247;302;269;355;256;228;151;270;272;197;337;387;147;329;712;467;1100;251;311;178;164;134;145;156;414;210;144;168;385;157;164;281;197;231;150;222;160;181;170;159;242;160;159;157;162;220;251;230;236;171;141;155;287;185;151;148;271;155;189;152;155;157;155;263;160;137;162;185;163;158;216;181;222;175;175;173;151;184;152;205;176;157;138;167;152;157;228;162;165;151;279;166;175;160;129;148;156;131;167;152;146;143;239;146;240;185;142;151;146;180;319;305;795;232;167;446;156;222;199;137;166;161;162;166;136;127;148;154;133;156;129;138;147;128;132;187;161;144;240;346;634;162;229;171;163;163;158;163;167;,
362,5,736;352;281;245;257;262;241;161;183;170;229;158;238;186;214;184;203;278;209;242;189;198;213;188;185;164;291;169;158;158;165;171;171;164;168;188;247;330;168;177;186;155;180;165;177;203;173;184;170;166;149;156;155;193;161;169;169;196;174;165;160;160;183;173;175;167;233;217;166;180;200;192;178;210;186;177;500;227;324;325;249;359;360;191;296;300;294;230;226;268;215;216;277;253;154;222;211;172;188;165;153;195;150;167;169;155;159;267;163;171;159;161;161;199;162;161;196;161;156;178;163;159;204;163;180;181;176;166;164;156;158;213;339;152;191;166;156;156;159;167;180;178;162;195;151;164;176;169;167;198;170;164;195;166;160;170;177;166;177;165;164;165;183;159;166;170;157;167;161;171;179;169;160;164;168;202;164;156;194;186;171;169;159;164;162;184;164;175;173;158;160;165;168;161;170;158;157;180;,
240,5,558;469;249;396;213;177;146;126;155;207;192;238;285;148;128;210;138;144;139;223;210;199;143;160;148;145;130;122;133;131;155;119;135;122;137;134;370;130;122;128;183;161;135;144;177;182;201;124;125;135;122;247;173;200;153;208;146;237;115;125;120;141;185;128;123;147;124;129;128;153;219;296;185;144;213;138;253;190;167;145;178;149;144;178;148;126;311;159;146;157;140;213;198;141;175;134;202;160;144;127;263;122;123;125;127;161;122;129;126;199;151;145;135;129;140;209;184;156;152;177;115;151;122;158;167;145;128;128;201;138;143;122;126;275;152;136;119;129;149;122;141;155;124;138;176;127;121;143;142;182;365;132;127;147;126;428;154;119;152;129;183;530;146;122;142;127;137;206;147;131;143;277;182;132;140;176;592;186;140;131;133;254;146;173;122;162;151;265;151;128;119;125;210;138;132;143;161;166;,
288,5,403;256;47;51;55;51;58;54;58;54;50;49;59;51;51;48;50;51;53;53;50;50;47;48;51;52;56;55;47;50;62;59;57;53;57;63;61;50;50;52;49;49;54;54;54;53;51;50;54;56;72;49;56;59;61;52;60;50;56;51;51;64;53;50;47;53;51;56;51;48;51;52;52;54;51;53;50;50;50;49;60;56;55;50;65;50;48;50;52;52;54;51;50;49;50;51;48;53;56;55;53;48;48;45;51;52;51;53;55;52;53;50;51;55;49;53;57;49;52;48;49;49;50;52;48;52;50;48;48;51;58;49;49;50;61;55;54;49;49;54;50;58;51;53;51;53;58;51;53;50;55;55;53;52;50;52;54;66;56;51;49;53;60;51;50;49;50;52;51;51;54;53;54;49;53;53;51;53;53;66;54;54;50;53;51;58;58;50;56;62;50;52;54;59;54;52;52;55;,
272,5,367;158;125;142;140;166;136;134;138;134;124;137;128;130;137;125;138;130;144;134;127;126;121;126;136;136;149;132;131;105;130;101;122;135;136;141;135;133;140;136;137;133;124;158;135;138;139;143;137;130;133;154;142;152;137;142;127;128;132;126;137;130;134;131;83;93;87;90;103;98;88;89;95;84;92;105;98;90;97;101;85;95;91;86;97;89;86;94;92;95;96;91;92;85;93;89;109;99;92;132;99;89;109;103;76;83;90;99;166;369;179;229;283;339;226;145;274;208;167;270;202;162;88;106;118;106;98;90;95;92;89;103;100;97;82;94;93;100;120;79;90;102;93;96;90;94;81;118;83;88;143;95;99;88;113;94;105;94;88;79;99;93;98;95;80;107;93;88;102;84;91;92;81;79;88;115;113;115;120;116;120;117;115;115;138;97;129;130;117;124;137;143;132;118;174;123;120;120;,
312,5,605;616;134;331;627;355;322;441;331;206;225;279;293;401;384;199;238;255;331;157;275;370;179;391;351;311;255;217;264;264;238;221;222;302;1111;2223;613;644;534;457;439;451;376;304;292;394;301;312;284;299;276;337;448;240;232;271;250;233;248;293;316;337;258;270;363;135;196;320;187;290;250;280;230;256;154;406;377;244;235;272;266;132;173;292;153;327;223;313;649;386;259;278;307;362;206;281;278;300;1238;179;183;217;301;294;339;270;273;501;449;246;2311;771;732;432;379;662;650;586;418;254;354;592;273;232;642;326;254;177;165;155;270;239;236;231;228;282;217;250;125;138;375;294;289;224;244;232;214;243;280;358;216;318;229;249;164;290;225;244;154;265;135;817;141;4694;1291;256;361;195;273;195;290;428;383;314;468;190;924;252;283;327;536;512;268;314;367;466;339;311;245;352;278;306;224;166;206;190;238;157;,
209,5,473;290;116;200;266;115;114;115;115;113;114;114;115;123;148;113;120;118;115;115;116;183;115;113;115;114;114;117;116;121;114;121;113;112;113;119;120;112;116;113;129;126;159;114;117;115;118;115;118;116;122;132;119;116;131;125;119;115;115;115;119;117;121;118;116;120;113;118;117;126;131;120;119;125;116;112;146;118;117;120;118;114;116;116;117;117;134;113;116;111;131;118;131;117;117;115;114;123;155;119;153;117;114;121;115;115;120;128;151;121;115;114;114;115;118;119;175;126;116;125;114;119;118;115;117;117;132;117;116;115;114;115;118;125;112;114;122;120;120;127;116;115;118;117;124;131;123;115;114;114;117;115;119;139;120;116;115;118;112;123;176;116;115;123;131;113;121;122;117;114;115;114;116;119;116;118;118;120;117;121;137;334;119;119;121;121;126;118;113;114;125;115;117;114;114;116;117;115;,
232,5,560;783;194;259;269;138;115;123;132;129;118;113;118;118;114;1221;1381;340;306;272;222;221;232;203;1108;1287;519;473;278;250;315;235;347;1443;1095;275;271;284;204;173;210;195;1034;923;1409;318;239;229;255;231;505;1490;827;293;254;266;212;217;160;214;566;1064;1032;353;278;326;222;245;173;196;976;786;533;498;321;416;491;312;210;958;912;802;290;238;251;261;173;282;226;986;953;684;334;265;287;225;261;243;231;1468;948;387;328;224;194;169;244;218;174;161;658;1444;702;305;245;296;188;233;183;185;1048;1156;544;269;208;222;225;116;167;168;322;1259;1046;300;296;228;274;231;174;203;182;695;1375;506;440;212;191;208;181;165;156;152;166;633;1064;524;440;227;182;158;198;419;134;160;161;214;985;955;640;468;330;1533;893;546;414;544;334;237;417;171;264;643;664;457;857;309;239;207;294;312;301;169;158;651;850;588;417;462;,
264,5,286;80;60;60;62;60;60;60;61;60;60;60;64;61;61;61;61;61;60;60;60;60;60;60;60;61;60;60;60;60;61;61;62;60;61;61;60;61;61;59;60;61;61;60;60;60;60;60;60;60;64;60;60;61;60;61;60;61;61;63;60;61;61;60;60;60;60;63;60;60;61;61;61;61;61;60;61;61;61;59;67;61;61;60;60;60;60;64;61;61;60;60;60;61;64;60;60;61;65;63;61;60;60;61;61;61;61;61;61;60;61;63;60;60;65;60;61;61;61;60;62;62;61;61;62;61;60;60;60;61;61;61;60;61;60;64;64;61;60;61;61;61;61;61;61;65;65;61;62;61;61;61;62;65;61;61;62;60;61;61;61;61;62;60;61;61;61;61;61;66;62;60;60;60;62;60;60;60;61;62;60;61;60;60;60;60;60;60;61;61;60;61;61;61;61;65;61;61;,
178,5,170;166;119;124;220;165;183;119;180;122;117;127;120;116;115;126;130;131;133;120;130;117;135;123;125;118;128;113;133;130;123;133;124;118;151;131;130;136;401;122;113;119;121;123;186;131;130;123;123;126;138;123;136;125;125;118;130;120;130;133;117;124;131;125;129;118;130;118;130;120;146;128;119;130;126;137;122;127;128;162;134;125;123;120;137;125;123;131;131;179;141;121;120;119;351;130;161;129;134;135;122;118;125;125;122;122;133;140;130;136;126;125;131;125;125;125;125;126;121;157;183;133;127;126;131;136;131;127;147;137;117;142;123;120;203;136;121;125;124;146;130;125;147;167;131;134;121;122;138;126;133;128;139;137;150;136;120;133;116;133;142;175;130;128;174;132;184;126;122;312;154;133;131;123;118;127;121;127;134;153;120;121;124;127;118;128;122;126;134;126;122;125;121;141;110;158;122;129;,
342,5,314;110;69;68;70;77;78;81;83;83;84;88;78;72;74;85;81;81;79;84;84;80;84;84;81;84;76;83;75;82;85;77;79;78;79;77;80;78;91;87;83;76;79;87;81;82;82;76;76;84;86;82;76;81;98;74;74;81;81;82;95;84;86;103;86;76;80;79;79;90;76;79;83;74;77;83;80;82;66;84;76;85;81;83;83;76;82;82;86;81;89;77;75;68;105;76;86;82;68;82;84;78;84;79;66;97;80;81;81;66;82;100;82;88;80;84;79;84;72;77;79;79;80;81;81;68;84;86;77;79;79;77;91;82;85;91;78;73;71;79;82;89;77;71;78;67;81;75;77;87;65;83;80;80;86;83;82;83;85;82;70;75;77;80;73;76;83;77;85;79;87;83;81;69;71;84;82;81;84;77;80;85;82;87;81;81;81;78;82;81;83;82;79;78;78;79;81;76;,
256,5,519;167;102;119;225;111;137;134;98;114;119;130;131;129;137;113;119;115;129;131;130;123;114;115;129;125;113;115;142;121;127;127;120;125;129;104;128;130;122;110;123;121;120;128;115;112;131;109;127;130;128;131;113;121;135;116;123;129;126;145;126;162;129;130;123;130;137;134;130;126;129;114;134;125;122;125;129;120;121;129;106;121;112;128;108;132;120;133;136;117;129;125;95;92;103;124;117;128;116;112;125;129;150;132;125;118;130;108;123;130;135;123;127;123;129;133;99;126;131;125;130;124;123;126;144;114;112;129;125;119;131;114;122;134;146;129;124;145;119;112;123;133;128;424;146;123;133;118;118;113;146;126;152;119;122;134;126;127;100;121;122;116;139;122;96;117;124;120;118;108;131;135;130;120;116;124;140;126;129;113;121;91;130;118;143;114;119;116;109;138;124;139;98;130;129;110;125;112;,
201,5,309;113;74;75;73;84;70;77;82;79;80;74;80;93;80;74;80;76;81;83;73;86;75;81;79;75;282;251;105;73;79;72;80;74;70;76;75;80;72;78;77;81;74;77;71;74;83;76;75;80;82;77;71;77;76;73;78;77;80;86;75;74;74;80;82;78;77;87;81;79;80;71;77;75;73;79;82;79;74;105;72;77;72;80;80;83;73;83;82;74;79;78;80;82;74;80;77;73;69;69;79;80;79;79;84;77;80;75;73;76;78;77;71;86;80;76;74;77;72;82;78;83;81;80;83;78;75;78;87;77;81;75;76;85;87;83;80;84;82;83;84;81;82;77;81;74;79;76;83;79;87;79;78;82;80;76;75;77;81;317;169;90;81;80;77;82;73;71;75;79;77;70;78;77;84;78;66;72;87;77;77;74;70;70;76;84;321;76;77;75;89;78;78;81;277;204;76;85;,
225,5,195;45;43;43;47;46;43;75;44;47;45;44;43;42;52;47;45;47;45;47;42;47;46;77;48;44;49;46;50;43;48;45;46;45;44;44;42;42;46;43;47;45;52;67;43;43;41;46;46;45;47;42;66;43;46;44;41;58;41;50;49;49;43;38;43;45;54;45;48;46;45;45;42;59;51;47;45;48;48;70;46;39;40;44;40;41;47;45;73;43;44;47;44;47;50;41;50;47;41;44;48;47;49;45;73;48;74;46;53;59;47;41;48;46;47;74;45;46;46;46;45;44;58;42;76;48;49;50;47;43;54;49;47;75;49;50;50;48;47;47;44;65;67;48;57;49;46;40;45;60;50;47;57;53;47;48;48;51;48;46;47;364;134;54;48;50;50;52;51;48;109;173;50;46;52;51;54;49;48;304;250;60;54;47;48;45;51;48;133;172;43;45;44;47;43;55;47;121;,
304,5,71;48;47;50;50;45;65;43;51;47;47;49;42;51;49;51;53;45;51;52;78;79;110;49;105;80;237;64;55;45;44;48;49;46;50;45;44;45;46;296;144;47;61;45;56;50;43;46;46;49;49;52;253;59;89;124;130;218;240;125;114;227;239;132;103;228;121;75;60;45;44;44;46;44;44;43;52;62;51;44;45;47;48;101;53;54;48;90;54;49;66;49;56;47;58;53;49;48;48;45;44;46;56;46;51;66;63;51;51;52;45;49;44;45;135;57;167;44;124;45;86;64;44;123;81;42;56;53;118;82;44;92;46;53;62;59;109;42;48;47;46;44;45;50;45;51;46;43;45;45;44;45;46;45;47;48;47;44;46;45;53;45;45;44;59;48;46;48;48;46;46;51;85;44;46;51;43;47;44;44;145;72;113;51;135;106;54;45;48;152;47;49;59;153;47;106;77;44;,
360,5,2393;9002;13760;10849;11773;5895;6539;8424;8354;7840;6949;7434;7358;11887;6483;7966;6472;5497;6663;6464;7013;9950;8349;10319;7700;6249;8244;8212;8287;7752;7098;6216;10360;9533;7159;7680;7992;7123;7335;8873;7023;7579;6328;6460;7686;7186;5443;7404;7702;7554;7038;6674;6548;8531;8225;6681;7114;6124;6212;7162;8392;8568;7923;8454;8256;7120;8141;8056;7558;6838;5605;7750;8259;5967;7558;8810;7146;7015;8057;7008;7522;8269;7085;5299;8414;9052;11026;8126;10164;11702;8170;8533;7729;8249;7426;7322;7031;8420;5693;7714;5017;6931;8446;6665;6442;9924;8623;7616;6805;7856;7166;6547;6949;6994;11790;10125;5175;6907;5458;6358;7206;3928;12665;3940;7140;7491;10178;9631;6111;7197;5953;4888;6839;6817;6877;5538;5800;6311;6679;5466;6973;4079;4895;7810;10731;11319;14455;31952;12121;9561;10216;4273;6620;5346;7957;10551;11423;7941;10260;14469;7155;9798;6199;5941;6241;6352;8283;5134;5346;7520;4859;6442;11771;11714;4247;4041;5662;5052;4611;5094;4286;5790;6569;14518;5626;6784;7285;3382;6994;10889;4542;5190;5409;6753;6665;4762;5731;5368;,
217,8,515;354;107;85;90;82;69;76;75;87;82;131;86;81;99;72;116;71;123;222;147;93;70;62;72;80;130;63;96;76;63;89;74;77;67;67;58;61;86;75;72;67;90;66;74;64;184;71;75;77;77;79;70;69;67;101;99;81;78;145;63;127;84;72;69;72;101;92;68;70;112;69;113;61;83;80;92;122;90;130;79;113;90;93;154;129;86;106;94;107;127;135;94;71;87;114;87;147;108;447;82;160;212;116;139;81;194;101;86;103;68;97;88;163;94;90;79;89;99;67;68;84;93;83;98;104;123;121;71;88;164;126;66;73;64;66;59;70;176;76;92;69;98;90;75;67;67;99;81;73;99;81;178;78;81;70;73;90;110;92;79;75;90;76;74;76;76;79;120;112;91;107;83;92;69;76;80;80;82;90;77;81;70;72;64;146;62;73;80;66;82;77;89;76;85;78;72;91;,
303,8,261;61;61;52;81;58;60;54;57;74;55;57;49;54;56;59;50;49;51;54;53;54;52;51;50;54;55;54;52;52;58;57;51;51;53;55;58;50;49;60;51;52;58;61;50;61;50;51;58;54;57;53;54;52;53;63;58;51;57;55;51;53;50;53;48;57;54;52;54;52;52;52;59;50;55;49;50;62;56;57;52;49;52;57;63;56;53;62;49;64;51;51;50;50;52;51;49;54;57;52;50;50;53;52;52;62;56;57;52;61;51;53;55;49;48;54;55;54;56;52;48;50;59;51;50;52;54;48;50;89;51;54;50;57;50;55;50;49;59;51;57;57;54;52;54;53;53;51;55;56;54;53;58;55;52;55;53;56;67;55;51;47;49;65;53;69;57;54;54;60;50;55;55;56;54;52;53;50;50;52;53;56;56;55;53;55;64;57;54;55;55;53;58;54;56;50;60;50;,
255,8,399;174;85;133;86;128;122;99;91;130;155;192;165;174;132;144;123;91;136;120;133;91;84;124;121;107;92;133;133;120;133;139;139;125;146;95;82;87;93;136;95;126;116;134;87;129;138;128;94;90;89;119;111;97;87;142;137;135;116;115;106;124;99;138;115;117;118;88;87;89;113;107;87;124;126;115;128;123;117;111;106;115;99;112;120;118;157;244;175;211;96;90;119;119;102;84;102;115;93;140;120;138;92;110;128;118;127;89;86;133;112;84;123;112;119;135;96;116;109;100;115;91;97;144;117;86;139;87;113;134;100;114;120;132;103;93;83;115;102;136;118;106;124;91;85;105;140;153;104;89;107;113;102;84;85;121;95;107;135;124;143;130;96;120;123;140;116;140;121;131;115;120;130;139;99;113;85;106;94;136;98;125;128;139;126;143;130;120;99;128;140;125;139;170;240;218;145;198;,
263,8,310;99;67;65;66;63;64;64;66;70;65;85;64;67;75;101;65;68;66;64;78;85;74;90;83;88;69;68;80;75;89;83;88;65;65;65;71;65;70;67;82;64;64;66;70;69;87;92;69;76;119;85;65;72;155;66;80;215;69;66;65;74;89;67;68;66;76;66;65;75;104;98;77;80;86;89;67;82;72;70;75;66;87;65;78;69;104;115;66;87;78;79;75;67;113;65;64;66;65;66;72;66;67;66;70;89;100;88;72;71;67;72;65;69;65;108;73;86;72;71;78;68;78;92;70;70;67;72;63;83;72;75;70;68;67;66;76;81;95;73;68;71;109;68;67;73;65;71;64;65;71;63;67;65;66;64;64;68;70;69;70;64;65;98;74;64;73;65;65;63;64;64;64;64;66;67;65;73;66;71;65;63;63;64;66;68;80;71;67;68;66;64;63;64;96;64;66;62;,
331,8,270;63;69;70;68;66;63;63;65;66;70;70;76;62;71;63;69;62;62;64;71;63;67;66;90;63;70;61;67;72;61;97;67;66;70;66;63;62;72;62;69;71;67;68;62;71;80;69;63;74;64;72;72;63;71;64;70;65;66;70;70;75;73;60;68;70;73;66;73;67;73;63;73;69;68;77;78;74;65;66;71;72;69;74;70;69;75;84;70;64;66;78;70;69;80;67;96;115;127;61;74;78;64;69;63;72;74;69;74;68;61;64;59;68;75;78;68;73;65;67;62;63;65;63;67;63;62;70;75;77;60;73;75;64;76;62;65;69;78;62;63;63;61;62;66;63;79;66;61;66;64;103;62;71;73;64;60;78;61;62;70;61;65;60;63;67;63;103;67;63;63;69;79;66;60;67;78;63;71;62;68;67;64;70;73;67;76;66;64;68;63;70;67;64;75;69;78;64;,
247,8,444;135;129;133;159;239;111;139;142;111;111;128;115;125;1522;240;120;113;103;107;112;263;110;116;116;278;372;174;121;109;112;123;121;112;137;143;132;125;106;108;128;133;384;166;130;118;125;127;184;127;117;166;151;125;115;124;122;136;126;130;259;196;123;117;123;144;128;139;345;279;245;138;141;126;119;120;150;129;132;458;127;287;118;118;139;120;124;271;287;155;155;118;146;144;164;171;128;141;143;229;132;141;162;152;259;346;129;134;126;294;173;145;123;119;113;123;123;310;122;119;136;268;140;143;124;125;167;111;122;114;115;220;298;258;160;125;113;117;140;121;172;217;427;121;115;155;142;130;190;128;1894;187;136;114;121;108;111;131;120;153;372;128;120;124;124;151;121;147;118;292;136;123;111;135;200;166;119;126;128;122;147;124;127;126;121;135;143;157;152;165;138;119;126;121;124;129;170;147;,
200,8,683;495;96;80;58;64;68;53;84;71;55;49;67;68;67;72;55;62;53;65;55;124;71;60;59;72;62;56;54;49;66;89;88;52;50;81;57;65;71;69;50;50;63;65;60;60;53;60;59;66;52;54;58;66;59;82;60;63;48;50;72;62;62;64;54;51;52;63;77;53;52;87;126;51;58;52;54;64;61;57;82;92;49;65;48;60;53;64;89;58;63;55;55;51;64;64;56;60;64;54;53;51;71;72;65;51;76;62;54;57;52;61;150;50;60;61;62;60;58;56;55;69;56;62;52;60;53;49;69;51;48;71;52;50;81;75;65;54;53;53;59;59;58;64;62;54;71;59;57;52;60;56;98;54;66;182;53;60;74;65;49;134;55;51;52;83;64;68;57;61;61;54;53;68;60;77;59;56;70;78;57;70;78;86;94;51;51;52;90;79;53;173;58;51;62;59;87;114;,
271,8,726;93;86;93;88;87;86;87;87;87;88;87;86;86;86;89;88;86;83;83;85;84;85;91;88;89;85;85;84;85;89;86;85;85;85;84;86;86;92;83;84;86;85;87;84;93;82;83;82;84;88;98;96;85;86;87;97;85;85;90;84;84;87;88;86;86;85;84;83;87;85;89;87;142;87;84;85;89;86;94;88;86;84;83;87;86;91;87;90;87;85;83;84;94;83;89;87;86;89;86;89;88;85;83;84;85;88;99;87;82;83;84;84;88;92;84;84;91;85;83;83;84;95;85;87;84;84;84;95;83;84;84;90;85;87;96;83;83;84;86;93;85;93;85;88;96;86;85;83;96;84;98;97;90;81;92;91;87;91;99;96;93;94;91;99;86;91;110;88;85;89;86;102;85;85;92;84;84;84;86;87;82;85;82;94;111;103;105;131;99;118;90;89;95;95;97;93;98;,
224,8,945;255;190;184;244;162;149;217;199;190;137;193;165;119;148;143;143;126;138;145;131;135;328;192;148;186;251;226;360;257;232;358;238;246;324;330;271;260;274;273;249;214;231;219;221;205;295;281;244;220;201;249;167;160;166;176;144;218;134;189;119;219;128;155;125;157;188;126;114;203;116;154;207;507;336;258;198;263;320;192;288;214;182;145;203;203;192;367;238;231;198;143;202;256;203;270;383;276;258;264;334;562;349;373;329;312;206;252;180;253;259;233;172;179;322;223;157;204;183;156;173;202;126;117;111;107;155;127;135;147;112;277;194;153;198;165;172;199;168;165;100;166;133;189;112;164;136;126;143;153;176;203;163;127;123;140;129;152;159;152;202;184;160;195;187;146;146;177;153;133;145;128;142;131;113;121;144;154;144;163;211;230;163;166;143;107;136;128;130;128;158;110;147;146;128;152;259;124;,
177,8,600;361;115;113;120;98;107;106;106;105;96;101;98;93;99;97;113;108;111;95;93;106;110;102;97;102;101;104;109;108;103;102;111;108;97;104;105;109;104;106;100;96;106;111;104;110;105;108;107;121;99;105;105;104;105;109;105;91;103;99;120;119;110;107;137;105;107;113;112;111;107;111;111;109;110;106;103;106;105;107;109;110;107;108;103;108;111;107;109;113;106;109;103;123;105;111;113;102;106;102;95;93;97;113;107;91;93;93;95;95;93;104;127;107;111;102;110;98;113;101;109;110;108;110;115;104;107;110;107;108;101;114;110;99;100;101;99;110;114;89;108;111;90;102;94;101;94;125;113;108;103;113;98;99;93;106;112;101;103;96;106;114;113;118;100;94;89;97;96;107;119;115;100;97;100;106;105;104;101;96;92;100;97;104;115;101;106;104;96;93;95;93;101;103;107;97;107;93;,
353,8,280;70;75;312;75;186;69;73;71;72;68;82;69;70;69;69;69;74;69;69;225;70;72;72;77;192;235;72;68;72;68;235;72;70;70;71;71;68;69;120;71;71;79;81;71;71;69;77;69;74;71;68;70;67;69;78;70;75;68;79;69;69;70;69;80;69;73;70;70;70;70;118;79;70;79;69;69;69;76;70;68;71;70;137;103;76;70;71;70;94;70;72;69;105;105;105;111;103;116;106;114;106;173;105;112;104;106;103;102;100;69;111;69;69;94;174;68;71;77;140;78;71;71;69;70;93;69;68;75;70;71;81;111;70;69;74;68;72;70;74;75;75;70;70;67;69;69;68;69;69;69;68;86;73;71;67;72;68;69;71;70;72;71;77;70;73;69;70;77;85;68;70;73;72;70;68;70;68;70;75;68;70;69;106;70;74;73;71;71;68;72;129;67;78;71;70;70;104;,
358,8,612;730;227;89;84;84;97;87;104;83;87;80;76;196;134;134;85;95;81;437;108;86;83;107;86;83;100;86;92;78;87;78;192;97;85;96;83;84;86;83;84;81;95;88;100;86;81;101;82;80;81;84;86;94;85;82;86;90;82;104;82;88;99;84;84;82;88;82;83;83;86;107;253;238;126;80;125;79;111;84;106;82;114;81;80;84;87;92;88;98;81;82;80;80;82;121;90;96;104;87;87;82;88;79;82;84;86;98;87;82;87;106;88;91;110;89;112;91;90;90;91;85;89;81;89;177;641;83;82;87;87;82;89;86;118;80;135;139;83;81;83;90;90;111;90;90;83;104;85;97;89;87;104;89;89;88;92;93;101;84;94;104;90;90;88;102;108;88;132;88;105;89;105;85;106;113;90;93;87;140;89;85;89;86;87;87;84;91;117;90;84;77;104;194;86;81;112;138;,
208,8,285;217;180;114;105;154;132;121;127;120;116;79;119;120;116;125;107;117;124;120;118;119;121;118;113;115;105;126;80;122;124;119;111;124;117;136;133;121;118;118;125;123;113;121;89;70;119;122;117;123;116;123;118;112;119;129;119;130;161;143;115;118;129;127;116;125;127;86;126;126;139;147;79;143;133;139;130;134;103;115;74;108;127;131;125;129;137;124;76;64;110;128;120;125;130;127;127;126;100;131;101;144;126;130;123;126;103;124;124;126;118;126;79;112;113;130;118;105;140;110;121;115;122;136;111;100;124;125;150;112;168;122;115;117;118;125;119;112;122;119;116;121;123;104;121;74;115;116;118;122;120;123;124;126;126;116;125;155;166;126;118;87;68;77;65;76;109;117;145;123;103;119;115;141;112;120;107;106;110;131;119;140;135;140;105;120;116;116;118;161;85;120;112;117;112;110;123;120;,
239,8,89;60;59;60;65;69;61;63;64;68;60;59;59;70;58;59;63;76;62;59;59;63;69;70;58;69;94;65;61;58;66;59;61;60;71;60;62;62;59;62;64;58;62;63;71;62;59;63;70;62;79;71;63;61;62;58;64;67;63;62;69;59;78;63;61;61;66;71;64;68;71;63;63;71;62;70;61;63;62;59;64;63;65;68;65;68;63;57;65;67;63;58;63;67;64;58;61;62;70;68;74;62;65;69;64;79;61;78;66;65;60;60;68;70;63;64;99;65;63;60;59;62;59;62;63;73;63;58;75;61;61;79;88;77;77;62;59;58;61;61;72;59;60;77;64;61;60;59;73;65;62;70;69;68;68;68;70;62;63;73;67;65;60;58;60;74;60;60;61;60;71;61;61;62;60;70;64;59;62;74;61;60;63;60;60;64;62;70;73;61;83;71;61;63;56;62;63;77;,
308,4,400;524;331;162;166;158;163;172;164;166;161;163;162;170;162;163;170;165;163;164;162;161;165;166;164;164;166;166;163;162;161;163;166;165;164;238;162;169;169;164;166;166;161;163;168;161;165;162;160;162;163;171;165;185;164;164;164;164;224;165;165;164;168;161;166;164;165;166;167;163;160;165;165;170;146;144;143;148;143;141;148;140;147;135;139;145;167;140;142;155;138;145;141;153;161;169;146;145;139;139;143;143;142;144;174;149;146;143;144;139;149;146;144;145;178;163;164;174;160;167;167;157;162;163;170;166;171;162;164;161;169;162;161;161;178;163;170;159;166;163;168;165;164;188;178;166;164;165;163;167;178;162;167;167;163;166;182;164;167;161;162;180;165;171;164;165;164;164;170;173;166;170;179;162;160;171;170;166;169;172;167;165;178;165;172;171;165;168;173;163;161;162;164;168;167;181;165;171;,
284,4,390;64;61;68;73;84;58;65;61;61;67;64;84;63;64;94;65;60;81;62;60;63;63;66;66;62;67;86;94;75;73;64;88;65;67;63;75;66;62;75;89;90;65;65;61;91;61;61;68;75;64;67;62;69;76;61;63;68;64;68;80;66;77;69;72;60;82;65;77;83;63;59;62;65;58;81;94;64;70;64;70;70;60;84;60;60;84;58;85;63;83;62;82;61;72;66;62;71;59;62;67;66;82;74;91;85;63;73;86;86;63;63;73;71;63;72;61;88;65;62;82;61;64;93;63;61;84;67;86;64;60;62;73;67;57;60;61;58;58;58;87;69;63;61;70;62;64;59;73;59;62;69;62;61;88;88;77;60;61;60;85;61;90;83;60;64;67;63;60;71;59;78;58;86;85;85;60;74;69;79;61;64;69;65;70;69;97;62;60;62;89;64;75;67;64;77;64;64;,
300,4,353;435;185;361;738;136;360;328;342;305;333;321;326;297;350;299;325;312;343;341;281;327;573;132;333;361;337;326;334;323;356;273;314;355;348;335;311;334;140;243;308;354;338;487;164;289;306;257;314;304;416;214;243;345;235;303;276;293;285;283;327;291;294;381;324;262;337;530;488;218;321;317;397;332;371;532;282;299;301;324;339;313;329;345;341;369;304;323;341;282;305;338;294;316;355;429;219;312;304;302;308;309;432;150;304;333;343;333;297;344;353;262;281;334;276;337;305;309;327;356;480;322;317;279;325;287;242;261;276;283;299;264;237;381;174;251;251;213;282;302;272;314;217;290;237;274;235;248;213;285;276;239;275;256;274;297;305;259;268;221;280;320;422;131;225;327;238;292;223;283;231;324;186;262;275;211;260;273;273;289;283;254;236;277;328;233;270;269;212;299;241;282;399;133;234;274;331;252;,
345,4,446;167;108;189;197;116;234;98;103;164;97;109;98;98;103;98;98;97;96;97;96;99;97;98;136;96;97;97;98;103;97;100;99;99;99;96;99;100;99;98;106;132;101;194;100;97;102;163;98;96;97;98;95;98;97;98;98;182;99;99;98;98;96;97;96;97;96;96;694;97;156;96;97;98;95;96;95;98;97;97;96;97;97;164;97;98;97;96;110;96;98;96;96;98;97;117;97;98;1922;170;163;98;102;110;100;98;103;98;100;108;117;100;115;106;102;159;138;124;108;107;100;111;103;138;107;103;107;102;136;142;208;123;118;125;104;105;104;96;127;115;131;108;102;111;130;104;109;115;98;103;97;97;102;113;102;111;100;100;124;104;98;146;102;101;147;117;103;108;116;103;120;101;178;109;104;103;135;103;127;110;133;107;104;152;177;132;112;143;283;188;192;109;95;97;102;101;98;104;,
205,4,414;123;93;107;105;112;105;124;100;128;121;130;117;112;119;117;121;108;133;107;125;117;125;115;135;122;99;96;96;115;103;119;113;115;88;90;126;114;113;118;97;111;115;122;108;142;132;120;130;124;120;127;121;115;108;130;118;127;112;116;122;125;124;139;94;116;118;214;119;118;117;106;135;125;115;118;126;117;124;127;101;138;136;124;127;147;118;109;117;111;132;127;118;106;123;125;125;132;111;133;233;112;109;133;124;102;138;98;150;181;111;117;134;123;102;96;100;114;126;152;128;136;109;109;104;131;129;123;121;100;196;116;113;127;96;145;146;120;116;126;132;121;115;107;125;127;117;136;128;128;157;127;103;137;132;131;114;103;110;110;133;144;146;123;114;151;109;139;91;112;96;170;104;134;110;148;106;123;107;135;129;90;129;119;134;98;125;119;126;117;132;134;121;131;92;128;89;97;,
188,4,884;160;146;181;142;165;153;216;152;156;133;141;142;242;139;163;157;149;140;148;203;156;249;149;189;152;154;175;172;140;219;331;155;153;216;194;145;158;198;145;150;131;128;154;240;187;139;158;173;169;186;140;140;161;136;165;135;150;151;158;162;146;169;152;119;142;125;130;139;147;138;143;160;157;142;422;162;175;148;143;148;152;163;150;148;158;188;140;148;186;144;132;134;138;129;130;179;146;169;172;152;134;145;144;137;130;184;155;157;166;142;151;131;137;134;188;147;147;141;149;129;188;142;159;155;142;155;132;193;149;128;146;177;140;146;138;127;173;175;134;131;173;159;184;140;139;134;132;147;136;135;203;157;155;146;376;168;210;152;162;131;168;166;147;180;123;400;155;162;124;143;271;144;122;127;120;281;164;176;148;145;168;124;194;133;140;149;121;158;136;188;157;121;141;133;174;128;143;,
268,4,221;57;51;57;53;56;54;53;55;54;55;52;52;63;55;63;54;60;55;56;53;56;53;54;53;55;53;54;51;59;59;53;68;56;53;59;53;54;55;54;50;55;58;55;55;58;54;53;53;54;58;54;55;55;54;56;55;75;54;54;52;52;52;80;52;53;53;63;55;54;57;66;53;53;53;52;53;55;54;53;58;54;62;58;52;54;59;55;56;53;56;60;59;52;54;56;52;53;56;57;59;52;62;57;55;58;53;63;54;58;53;57;55;57;54;54;55;56;67;53;57;54;53;52;58;53;56;53;54;60;54;56;64;55;57;55;56;53;56;55;54;55;53;53;52;54;57;53;55;54;54;52;58;53;56;55;64;53;54;54;55;55;54;54;53;55;62;59;54;54;54;52;53;59;61;53;52;54;53;54;55;54;56;52;57;58;71;55;56;59;55;53;56;55;55;52;54;57;,
214,4,1263;275;233;233;228;161;216;250;231;145;135;142;92;97;141;139;117;126;133;142;140;97;137;100;96;133;111;138;96;130;93;94;95;128;139;101;139;139;138;96;136;140;125;104;105;99;144;137;100;136;135;132;105;139;95;136;137;121;119;114;137;137;120;144;90;128;114;139;95;140;139;118;139;136;138;131;104;129;137;136;99;147;93;95;139;124;147;154;117;128;110;134;139;143;121;115;132;97;119;135;145;111;93;132;107;303;134;128;140;113;121;136;120;127;142;154;118;146;143;124;104;148;131;148;129;98;107;131;122;108;147;139;145;135;112;145;94;133;122;139;107;143;131;114;130;121;96;120;144;137;121;160;124;141;156;126;129;108;138;95;160;117;139;137;105;145;143;145;143;144;121;108;111;101;135;126;139;140;134;153;142;138;134;127;124;135;173;151;147;139;110;137;157;140;130;138;127;109;,
252,4,504;206;114;120;119;114;125;114;111;120;114;113;109;106;112;118;119;120;112;119;114;110;114;122;109;115;115;121;115;118;111;111;113;109;110;113;121;114;124;109;121;109;112;131;116;112;119;112;120;112;123;113;134;120;111;119;115;113;111;114;119;122;120;117;121;114;116;112;114;126;116;113;117;112;120;110;116;126;112;123;109;121;113;113;113;109;112;110;120;122;113;110;111;120;122;119;123;115;114;110;116;116;111;111;115;111;116;111;111;111;120;112;110;115;110;118;119;149;117;115;116;112;116;113;113;115;116;113;118;109;117;118;125;117;118;108;108;122;111;121;118;118;114;113;117;117;117;114;115;117;116;111;122;113;114;120;119;110;119;109;120;112;125;113;120;116;115;114;112;116;119;111;115;111;111;112;122;113;132;121;110;118;121;121;113;112;119;112;117;127;115;113;116;116;117;116;128;117;,
338,4,443;289;107;116;115;115;127;120;110;131;119;111;127;117;148;122;124;119;122;125;124;123;123;121;130;129;114;123;118;133;135;119;120;126;126;102;139;138;126;111;117;146;124;124;130;131;128;123;128;123;109;98;107;112;123;120;107;101;100;129;115;106;110;113;106;123;137;117;121;125;124;112;125;202;117;137;118;125;129;106;102;126;136;135;131;109;124;107;131;112;122;109;127;121;115;116;123;105;140;126;111;125;113;134;141;134;124;130;114;134;122;116;123;131;121;134;118;110;115;120;114;121;131;132;113;111;132;136;119;125;122;113;125;133;126;133;120;122;123;112;131;122;105;102;130;123;135;122;103;122;114;122;104;129;115;111;134;109;138;109;325;159;161;338;114;229;156;123;125;144;117;120;129;119;123;119;125;116;125;110;129;165;114;122;104;120;120;141;125;122;132;135;122;118;117;107;107;112;,
276,4,391;277;57;61;110;131;66;58;271;295;846;264;64;346;80;256;96;83;460;469;229;130;326;70;177;82;87;722;445;103;114;123;78;62;72;273;266;233;66;270;64;70;145;69;79;568;345;282;120;158;70;144;280;104;511;265;66;70;71;215;70;63;268;492;270;72;68;71;182;83;70;75;404;469;192;82;58;177;100;66;201;380;260;59;213;66;65;189;58;73;602;275;61;221;95;77;222;140;203;368;523;68;70;213;64;59;70;198;400;530;66;98;212;104;215;95;101;502;483;164;97;65;195;70;74;215;516;585;97;163;66;64;184;67;74;603;504;80;71;57;198;67;64;231;239;259;61;68;178;62;66;192;69;637;337;61;199;63;63;60;193;68;630;329;66;220;80;69;202;70;64;551;836;238;61;69;56;197;66;65;746;236;134;80;70;211;68;68;213;408;329;150;88;68;216;71;68;178;,
229,4,2606;297;831;103;107;103;105;115;122;108;104;111;95;99;108;111;120;100;111;107;100;100;119;103;92;112;101;106;117;99;101;108;105;101;103;107;112;104;99;98;102;95;108;100;99;1224;92;105;115;108;102;121;106;114;108;110;110;102;115;104;104;107;96;115;90;104;101;98;92;117;112;102;109;105;122;110;94;99;104;108;449;99;102;96;98;106;85;96;93;95;88;106;100;88;99;91;1216;96;91;93;90;96;95;96;83;89;96;185;108;95;105;112;100;103;107;106;117;98;101;110;104;105;96;102;98;103;105;102;108;94;96;103;108;95;102;118;112;97;102;87;95;100;98;106;111;101;95;124;101;93;110;126;109;108;102;108;124;102;122;100;95;111;96;96;109;103;109;97;127;96;119;110;100;115;122;104;109;97;98;117;86;103;104;98;107;104;94;103;108;93;112;107;90;109;97;93;128;92;,
221,4,282;63;51;51;60;60;76;51;52;51;52;62;77;52;54;52;55;52;62;55;51;53;52;51;52;74;51;55;53;54;52;59;50;52;50;51;52;50;51;55;53;53;53;51;51;53;51;52;55;61;69;52;62;52;51;51;59;61;54;63;53;53;54;53;52;52;78;54;53;52;51;53;52;51;53;52;61;53;54;62;51;53;54;53;52;52;53;52;55;51;71;51;53;67;52;52;54;54;51;54;51;53;53;62;51;56;93;53;51;53;78;52;54;53;55;53;56;55;123;191;208;193;210;81;148;199;193;281;428;274;234;343;301;370;283;219;178;344;353;518;375;423;574;955;780;919;877;655;1096;1701;812;307;449;337;632;715;969;642;641;482;906;452;325;265;235;171;191;286;202;231;412;312;333;214;162;166;193;86;141;74;191;106;95;79;107;125;84;62;80;62;77;65;53;87;53;53;53;61;,
316,4,478;71;87;121;334;179;277;266;263;271;197;369;373;300;265;216;429;270;266;229;156;167;115;165;112;118;140;109;112;86;114;83;120;222;205;324;422;316;269;188;173;284;285;221;162;173;238;361;416;333;192;313;184;203;206;203;224;168;180;131;152;144;117;156;214;173;298;327;255;238;165;163;270;150;174;179;238;222;200;194;136;131;148;211;176;92;109;88;83;76;79;92;87;125;135;116;137;82;91;126;137;218;221;261;279;206;232;191;187;166;173;239;115;169;138;213;183;186;113;138;158;197;174;169;193;236;212;202;203;124;223;166;198;171;182;127;150;152;117;131;152;154;132;215;183;166;111;182;79;270;266;183;178;247;272;167;279;429;387;282;293;213;163;121;159;151;169;117;97;125;72;119;82;80;78;88;153;199;181;129;113;133;136;193;198;233;207;171;279;221;130;189;176;123;121;172;119;112;,
307,3,298;150;103;75;150;66;64;64;64;68;71;69;68;70;69;70;84;75;71;71;72;70;72;71;75;69;70;65;69;69;75;68;73;71;70;72;74;73;68;72;72;71;71;69;73;73;70;70;70;72;70;71;68;89;71;92;69;71;79;69;68;75;68;72;67;66;71;71;68;70;71;76;69;70;69;70;71;69;69;79;72;70;68;68;68;68;69;69;69;70;77;70;71;70;70;71;70;69;69;70;69;76;69;69;70;72;70;75;78;71;70;64;64;68;69;69;76;70;72;72;69;69;77;71;71;69;69;68;70;71;73;74;69;74;70;72;69;69;75;71;72;70;69;74;78;73;70;80;71;70;69;72;77;78;71;74;80;69;70;74;80;70;69;89;70;71;71;80;74;72;73;73;69;66;71;69;70;71;69;77;70;73;72;69;72;74;71;71;71;73;70;71;71;70;80;69;71;73;,
275,3,265;70;73;77;266;78;76;73;73;76;75;81;77;81;76;77;75;75;122;130;73;86;74;75;72;74;73;73;75;75;78;76;76;78;78;74;87;68;71;83;88;83;87;89;75;104;76;83;112;75;75;75;84;76;81;76;89;88;87;76;104;77;78;102;80;75;74;96;75;78;73;76;71;73;73;75;69;73;79;78;78;74;79;78;80;78;77;76;76;74;78;77;76;75;76;76;74;77;96;69;76;95;80;84;92;73;78;110;118;78;119;106;143;104;81;126;72;69;78;77;76;78;82;82;82;79;78;74;83;75;76;73;75;96;95;69;78;79;83;72;79;78;95;82;95;76;76;81;74;74;80;81;73;74;76;76;75;80;78;80;77;77;76;75;74;91;76;77;87;78;72;87;72;75;76;75;78;75;75;76;83;85;75;73;71;83;75;80;82;76;84;79;75;76;74;74;74;75;,
259,3,356;87;72;84;72;334;120;77;72;71;128;75;86;73;81;76;76;77;102;90;84;83;73;107;91;100;76;74;74;72;142;78;95;76;98;72;83;83;70;71;72;75;74;77;75;73;83;74;91;71;74;75;72;75;98;74;80;122;109;93;219;72;159;95;74;84;84;78;74;79;78;77;77;71;79;73;77;77;76;79;73;80;74;78;81;89;80;80;98;76;252;81;108;77;74;73;100;105;71;86;112;100;70;90;79;96;102;73;118;81;95;149;71;76;95;72;104;72;71;74;93;101;77;89;75;77;98;102;79;79;91;84;280;82;73;77;83;201;139;81;70;78;81;79;92;96;109;73;72;79;73;83;78;102;88;72;73;77;78;79;90;75;75;102;95;122;72;73;102;73;86;77;76;87;118;74;73;78;76;77;92;73;94;95;98;72;78;77;74;96;76;99;74;75;104;74;79;74;,
196,3,383;553;927;647;530;459;548;600;463;492;591;618;505;790;219;582;712;318;655;425;382;539;548;606;477;429;242;59;128;101;82;57;138;263;571;575;407;527;583;530;573;420;648;522;496;557;554;606;486;472;541;378;134;264;523;320;95;203;533;473;581;599;457;586;670;708;487;500;247;113;88;71;55;64;60;85;207;296;423;447;546;615;642;429;490;558;518;579;739;558;588;575;588;632;331;327;360;628;645;637;577;599;593;537;559;507;745;602;506;356;270;115;101;140;62;50;69;51;67;68;98;51;53;53;60;69;54;54;52;63;52;49;51;52;50;49;50;50;50;52;62;60;50;48;51;71;49;54;56;54;107;57;57;51;64;56;51;53;57;54;52;51;61;69;65;67;53;51;53;72;49;73;58;53;49;49;51;57;48;96;61;56;59;52;52;53;52;59;46;52;53;56;137;55;76;56;170;136;,
346,3,288;372;280;231;857;199;516;221;339;225;223;272;347;227;581;149;152;140;317;193;139;259;212;124;118;170;198;187;120;378;67;129;240;379;106;287;213;327;173;656;327;135;238;507;243;369;117;215;307;573;756;302;212;304;163;262;129;230;169;193;232;136;292;571;337;408;475;669;323;359;435;112;124;282;360;150;104;83;98;191;159;110;106;99;170;640;767;952;399;816;603;525;756;563;139;88;276;377;277;469;840;522;241;161;79;165;330;110;482;350;87;109;108;159;422;89;107;140;168;100;123;402;125;113;89;102;121;120;102;221;184;232;203;256;67;132;118;125;104;615;245;154;195;226;159;136;182;236;163;376;176;213;243;150;191;110;167;233;197;85;113;164;178;123;175;237;153;167;150;285;153;228;221;158;500;143;542;178;146;179;244;110;182;220;156;136;362;100;144;127;179;134;183;117;94;136;235;179;,
251,3,793;295;178;206;209;169;184;214;201;209;218;216;206;204;233;207;204;204;197;190;219;210;228;222;196;183;195;204;181;219;212;222;209;193;208;186;202;189;270;211;230;202;220;172;231;231;199;197;192;194;279;197;199;202;203;191;188;217;197;206;221;231;214;179;163;167;216;193;210;209;201;218;229;189;201;209;227;187;214;182;213;173;179;187;214;161;180;211;205;212;159;172;214;198;199;215;233;209;197;211;174;187;219;278;197;221;211;203;209;212;210;221;279;200;227;180;152;168;159;140;164;166;158;201;216;205;217;199;209;201;206;220;225;211;221;205;206;228;195;225;200;198;208;188;218;196;222;219;196;197;216;239;251;304;199;193;200;190;223;209;207;210;192;215;205;202;191;213;226;238;196;190;227;211;217;208;193;203;194;209;192;196;203;238;207;223;207;176;188;210;180;211;192;204;214;212;216;232;,
220,3,486;278;169;213;195;104;107;80;120;97;107;258;127;148;98;175;146;96;94;90;101;111;100;105;112;99;96;115;111;96;108;79;93;107;103;93;106;102;108;111;100;106;108;107;127;114;102;80;107;101;97;143;113;108;96;103;88;84;113;102;96;102;85;114;97;97;109;100;109;103;102;113;85;108;173;181;330;490;108;109;94;102;83;89;83;112;122;101;140;148;100;118;90;106;100;96;103;115;88;119;94;104;103;108;122;125;103;101;128;141;220;156;107;114;95;117;102;154;92;119;128;130;181;132;136;116;89;123;97;106;190;273;114;108;105;160;99;93;107;139;122;94;107;107;104;117;134;128;101;159;173;121;135;122;157;220;133;126;175;132;141;145;104;119;113;111;291;609;114;244;131;90;170;288;283;215;127;154;112;155;352;238;267;143;98;124;174;210;172;123;128;160;131;128;125;165;134;104;,
228,3,114;89;66;63;62;66;64;66;64;64;66;67;63;63;65;63;65;73;63;63;65;70;70;64;71;70;66;66;67;65;65;65;66;65;64;66;62;63;64;65;64;66;68;68;70;65;72;65;67;67;66;67;85;65;115;71;65;63;62;67;105;70;65;62;66;68;66;64;68;90;65;66;71;62;65;107;110;112;112;66;107;97;64;64;64;63;78;110;65;66;63;64;98;68;64;64;65;64;88;64;114;118;67;74;73;64;66;66;67;66;64;63;66;64;62;64;65;62;67;62;61;62;62;105;105;106;118;107;107;111;63;105;112;76;65;65;64;63;63;77;69;65;66;65;69;64;63;63;63;66;64;64;62;63;68;61;64;63;69;62;63;65;64;66;63;65;64;63;63;68;63;63;70;63;65;65;67;65;69;64;63;63;64;64;64;63;71;64;66;62;68;65;62;63;63;66;63;62;,
235,3,470;200;117;118;140;110;119;115;110;122;109;114;118;127;108;129;130;112;114;110;118;118;108;109;124;108;120;115;111;123;110;117;111;115;121;113;110;117;113;124;113;132;129;130;117;124;113;111;124;113;122;118;110;116;122;131;114;113;121;136;131;115;112;124;125;107;109;105;117;125;127;129;110;114;107;116;134;109;131;114;152;121;136;132;127;118;121;113;110;117;109;118;126;118;115;115;125;166;127;123;121;137;123;127;119;137;115;120;116;120;132;117;124;116;117;137;114;114;117;120;131;119;111;122;137;111;126;150;125;144;123;120;120;112;117;128;122;116;118;160;123;138;143;111;110;115;127;108;109;121;123;116;120;125;122;114;117;120;118;115;114;118;119;116;122;118;114;115;123;118;110;115;118;143;132;120;369;113;140;115;108;109;117;133;123;135;133;116;117;113;134;106;115;125;114;119;113;123;,
299,3,206;621;96;97;97;112;95;97;97;97;97;96;94;98;115;137;115;99;96;187;96;96;97;98;97;97;98;106;98;95;102;184;96;100;97;180;97;96;97;96;96;96;97;104;102;95;99;99;117;104;96;108;194;101;97;101;96;96;180;97;106;106;99;99;103;96;99;97;96;98;96;97;98;102;170;97;94;96;101;99;128;97;95;96;129;95;94;96;98;100;97;99;97;97;97;193;192;97;97;178;95;96;101;96;94;97;96;98;97;97;96;97;97;100;97;108;96;99;94;97;96;96;95;96;96;96;96;95;100;95;98;177;97;94;102;169;98;97;100;98;101;97;96;98;99;94;170;98;96;96;95;170;103;196;96;98;100;97;113;100;124;110;114;97;114;99;110;99;109;104;97;96;96;96;97;104;107;95;94;96;96;95;107;113;98;96;101;98;98;101;96;96;97;97;102;100;98;98;,
243,3,443;208;227;117;777;119;270;225;301;355;313;114;281;494;345;292;348;304;318;238;110;248;153;476;212;223;224;400;236;226;300;461;356;353;282;194;465;321;110;227;300;151;286;270;232;387;265;254;407;462;287;353;295;294;490;487;113;647;697;557;432;363;563;409;355;345;355;289;244;365;588;406;390;285;339;270;323;255;248;218;208;363;294;218;220;230;265;499;255;292;289;465;112;244;125;220;223;254;275;293;324;125;185;297;167;211;218;173;458;294;171;386;301;274;318;242;142;422;448;113;282;403;710;704;492;294;291;297;505;449;314;219;285;234;223;454;476;249;386;1884;353;321;215;237;285;243;143;189;180;220;218;177;180;400;252;118;245;649;476;477;284;300;305;469;126;217;238;238;228;161;224;394;493;179;313;258;522;190;222;211;473;483;128;328;450;773;680;494;439;532;268;293;463;330;287;328;283;268;,
204,3,650;651;491;816;469;702;148;204;822;109;85;94;103;115;100;100;118;208;112;186;132;106;129;89;122;126;94;185;211;144;214;89;173;85;85;96;713;109;159;516;126;81;151;223;92;152;102;85;93;135;120;91;97;109;83;81;93;82;809;82;150;146;174;220;206;206;185;180;554;162;186;144;155;138;579;215;120;92;99;98;119;106;96;96;84;103;87;87;87;98;99;85;152;91;81;85;102;79;108;105;138;94;180;552;100;107;81;83;265;160;84;109;82;99;82;116;82;84;85;92;92;165;137;80;84;90;100;105;86;91;110;108;146;395;195;152;395;99;140;102;94;101;108;85;111;110;121;136;100;112;106;110;94;121;96;102;102;81;84;88;125;117;105;125;83;86;91;105;123;103;87;190;81;93;113;101;93;100;142;103;96;96;84;100;110;106;91;88;87;94;92;196;99;106;100;85;92;84;,
315,3,426;167;111;122;95;96;97;105;99;103;96;98;95;97;104;97;96;108;97;97;95;116;94;99;108;98;98;92;100;93;97;92;97;94;110;94;94;96;96;97;101;98;104;95;99;94;109;95;97;99;93;95;99;93;97;94;98;95;97;93;179;94;96;95;94;99;104;96;102;98;99;106;93;96;95;96;100;98;96;95;95;97;97;97;94;98;104;98;95;96;95;94;113;93;98;100;97;95;96;96;97;95;94;99;98;99;95;95;95;94;96;94;96;97;96;98;93;99;96;95;93;92;98;105;98;99;94;97;93;96;94;110;96;99;96;93;92;93;95;92;96;128;94;98;99;95;109;111;94;93;104;94;96;97;101;95;100;95;93;111;96;98;95;93;100;98;101;96;94;92;98;95;97;105;97;96;95;101;96;98;106;95;100;96;96;102;94;94;95;99;94;98;102;109;93;93;94;99;,
267,3,397;56;40;41;42;43;66;43;41;42;43;40;57;46;43;41;43;49;42;43;49;53;48;40;42;42;43;43;39;40;42;42;45;43;42;44;43;43;41;42;48;42;52;43;45;43;40;42;41;40;45;41;53;48;39;44;42;46;47;43;41;44;42;42;46;48;42;48;45;60;43;43;47;45;39;41;41;46;43;42;54;42;41;40;43;45;40;43;48;40;39;44;43;42;41;41;42;40;79;40;43;47;50;42;39;40;42;45;41;46;41;41;40;46;48;48;43;42;41;42;40;43;41;44;43;42;45;41;39;43;49;52;45;49;58;49;44;45;47;42;42;42;47;45;39;42;40;45;44;42;42;41;44;46;44;40;42;42;60;47;52;44;46;44;40;47;41;43;40;50;44;42;41;49;47;40;41;49;46;42;42;58;53;45;48;43;44;45;50;43;46;44;41;43;45;54;40;46;,
283,3,453;103;72;75;318;78;81;73;74;79;89;74;78;77;76;74;74;71;90;78;78;75;78;87;76;78;86;77;83;77;76;76;79;78;82;75;83;80;79;75;73;77;74;87;86;78;78;80;90;79;74;74;85;74;75;80;75;78;75;77;76;80;80;75;81;83;84;81;82;77;77;79;81;82;80;79;79;79;76;91;72;83;77;78;71;71;76;81;77;77;80;133;74;72;78;79;75;75;76;74;74;77;76;79;81;91;74;75;73;79;86;86;77;73;81;83;75;78;74;78;73;82;75;73;83;83;74;78;78;93;72;79;79;87;71;76;82;89;88;80;75;81;83;72;74;76;75;79;75;77;79;76;74;84;81;82;74;77;81;84;97;79;83;79;84;74;70;72;80;75;80;74;83;79;80;79;76;78;75;84;80;78;81;86;80;90;80;89;84;103;305;80;85;84;75;84;76;90;,
291,3,330;180;193;347;219;307;407;333;239;168;176;189;175;204;162;273;360;213;206;181;201;201;214;226;198;346;269;281;265;245;268;235;167;224;248;233;169;276;172;170;168;178;181;205;221;161;174;155;168;188;174;165;234;198;183;156;162;181;178;168;183;259;248;183;171;192;176;202;157;173;207;246;158;152;180;174;164;153;177;289;274;419;193;196;193;206;199;221;237;224;177;166;167;172;165;157;212;421;221;203;199;178;190;167;293;205;250;207;184;256;177;215;201;178;169;298;237;196;267;202;181;157;192;211;273;254;217;170;162;183;154;250;332;408;273;259;167;242;203;181;174;230;163;244;188;173;166;159;195;191;166;170;208;198;191;192;194;160;190;197;299;234;422;272;171;290;208;179;157;185;220;171;150;187;221;185;172;186;416;246;164;170;203;190;188;166;183;198;212;168;207;167;181;181;179;198;362;450;,
213,3,713;304;265;334;729;275;289;264;306;194;292;146;167;217;214;222;273;153;357;214;234;264;159;217;189;195;194;208;180;187;213;257;176;215;292;175;196;221;253;194;208;225;163;207;196;181;206;179;164;206;178;161;163;194;143;142;152;145;170;165;148;184;178;171;183;190;174;169;265;161;203;146;354;218;170;148;232;316;525;243;1475;651;344;157;903;240;299;171;281;280;345;293;232;281;155;235;261;265;221;233;159;253;302;593;185;289;282;287;294;338;260;286;283;311;159;276;280;285;259;285;295;265;295;265;277;191;298;287;287;261;277;239;518;266;277;267;277;158;319;175;241;232;259;283;161;291;302;291;314;266;265;169;449;331;171;316;278;252;283;163;273;272;316;163;242;266;244;268;268;254;289;243;283;282;299;193;271;284;274;272;288;276;295;702;273;219;269;529;584;304;167;714;173;479;484;279;377;300;,
250,2,222;81;52;83;158;59;84;68;67;67;64;101;73;72;81;89;63;66;68;72;67;63;87;101;57;84;66;79;67;69;86;65;57;67;49;71;87;67;50;87;66;69;69;75;95;52;98;83;73;69;54;69;71;69;78;76;72;69;69;69;74;68;63;71;94;63;60;66;56;73;74;76;71;96;74;68;98;70;70;70;73;99;73;71;67;67;64;103;52;92;161;55;70;77;62;61;70;80;91;82;67;87;134;66;61;70;65;83;74;69;97;56;67;63;67;66;58;65;62;59;66;56;65;79;68;72;96;53;70;67;61;55;74;61;54;68;52;72;69;52;69;56;52;62;55;68;59;65;59;62;56;52;70;58;86;56;53;62;52;69;76;57;67;58;65;55;52;85;53;68;54;62;53;81;52;61;59;67;70;56;66;56;58;68;53;70;61;64;82;121;110;133;122;132;122;86;69;60;,
227,2,314;391;85;69;153;59;60;60;62;59;64;62;70;59;59;64;61;63;61;59;91;63;60;87;90;70;62;75;69;60;62;57;63;77;63;60;61;75;71;63;76;60;65;59;66;59;60;58;64;65;64;60;71;62;60;61;71;80;58;58;61;60;61;67;57;70;65;62;58;83;61;59;64;58;78;58;69;77;58;67;66;70;61;62;63;60;66;67;68;60;59;58;62;82;64;58;59;60;68;80;65;60;61;60;74;84;61;58;68;66;77;71;73;72;68;65;64;66;64;67;69;69;64;76;65;59;61;72;60;66;58;84;64;63;64;66;70;68;68;72;59;75;62;59;63;76;67;62;70;71;62;60;68;60;72;74;70;68;82;63;67;62;64;64;71;70;73;66;63;71;59;89;65;60;69;65;73;66;60;72;66;64;71;74;69;65;68;72;71;61;62;82;90;63;64;71;67;57;,
314,2,666;93;73;77;75;53;63;59;92;68;53;50;51;77;67;59;66;79;59;65;63;69;65;55;56;61;59;55;49;51;68;67;71;64;51;98;74;65;62;64;69;77;107;55;100;53;55;63;71;205;55;155;61;90;61;53;58;55;59;76;106;56;91;56;49;66;69;71;78;81;82;51;53;74;80;57;91;87;80;81;81;80;51;48;84;54;80;104;66;64;54;54;66;48;103;53;84;89;55;72;66;65;66;84;79;104;97;61;66;64;70;221;97;93;72;62;97;72;51;69;53;99;50;68;67;80;76;77;70;82;57;99;88;80;80;53;52;67;65;69;68;92;108;79;61;97;156;65;56;94;49;73;92;56;51;121;51;57;79;75;56;95;62;75;105;56;56;56;82;81;108;72;129;57;61;52;53;55;57;60;117;57;62;55;51;66;52;119;59;56;65;65;67;70;103;70;51;76;,
282,2,529;297;296;387;572;205;305;311;375;208;310;392;300;291;293;302;384;292;289;304;302;304;221;387;207;282;320;369;260;252;296;290;303;302;350;333;303;297;207;329;279;330;367;305;304;317;328;275;294;297;303;306;310;388;205;308;374;316;298;294;295;297;295;292;298;331;306;400;477;321;312;214;383;211;304;396;215;290;290;295;296;304;372;477;291;302;371;386;296;386;209;313;297;418;298;217;302;299;299;279;223;294;296;297;297;301;317;311;293;273;392;294;291;303;312;289;324;313;358;295;316;289;310;364;299;314;301;204;294;202;247;364;235;280;205;209;315;311;286;224;308;207;210;289;216;293;204;212;304;228;288;300;208;306;293;216;217;291;197;308;196;287;222;209;295;215;297;290;215;291;201;207;252;256;305;165;294;175;303;210;293;294;300;211;216;294;204;294;220;298;206;223;301;213;292;300;132;306;,
290,2,397;329;124;257;387;185;324;285;271;352;395;946;360;275;215;255;373;256;253;272;200;206;285;196;198;245;250;224;234;229;157;208;215;184;227;236;279;343;134;243;292;176;161;245;214;196;178;295;172;183;188;356;122;254;239;213;356;181;261;227;228;218;214;230;218;247;179;226;202;250;263;173;228;279;204;211;203;221;253;338;150;208;229;203;174;219;293;213;204;229;461;112;330;274;258;191;213;268;179;306;227;240;257;225;184;173;225;201;209;367;114;193;337;221;230;195;286;241;275;304;219;195;245;322;192;227;179;173;161;160;186;121;177;137;166;299;113;143;167;176;155;142;163;167;186;146;164;144;193;175;236;125;162;181;155;176;175;254;181;169;164;201;178;260;179;174;152;123;166;184;310;197;144;185;123;196;231;119;192;203;214;178;204;159;134;253;157;174;190;289;269;133;252;204;181;183;216;160;,
203,2,560;758;230;236;1276;227;306;1188;550;1290;259;218;264;1323;241;146;1374;596;705;1425;2044;1255;1297;1381;731;1113;868;379;1756;1265;1244;1672;1347;733;541;1265;1338;782;259;980;1723;1310;845;205;961;382;180;196;214;182;173;182;230;169;180;176;178;177;176;182;177;223;175;193;187;165;203;164;214;174;183;200;181;156;179;172;162;192;166;219;192;180;182;241;163;167;193;204;191;195;196;230;220;172;176;157;169;195;196;175;202;168;328;158;190;201;270;176;219;169;232;158;176;192;175;185;192;285;197;167;197;168;183;188;189;186;278;200;225;199;152;238;239;187;156;195;163;312;172;163;173;174;256;334;242;191;177;172;205;157;235;226;277;185;175;176;167;180;202;174;173;181;215;171;182;161;519;218;463;355;517;490;258;176;187;449;211;487;487;205;195;179;160;162;180;186;175;158;223;301;178;170;162;190;161;171;163;231;,
347,2,722;117;996;837;226;116;121;110;119;116;127;150;130;142;422;112;191;167;178;143;176;186;121;123;391;117;172;118;135;162;218;177;211;146;591;127;210;160;110;111;189;114;114;129;176;120;145;132;159;159;109;141;347;111;129;120;108;160;107;142;156;190;189;179;123;126;136;143;144;110;114;112;111;160;130;206;138;124;185;803;171;192;124;140;171;132;116;126;128;203;112;164;144;183;196;144;209;245;134;196;164;114;165;170;194;193;176;164;258;145;177;139;125;160;134;189;131;114;158;111;166;110;117;156;147;128;226;124;150;164;138;123;115;117;164;114;111;132;496;150;174;143;216;163;110;129;120;167;184;204;194;259;164;144;169;198;154;157;129;166;339;138;150;166;175;198;133;146;152;183;134;163;114;129;178;111;210;111;138;174;112;166;115;155;154;109;146;111;115;126;109;126;123;112;111;106;110;110;,
298,2,183;65;70;59;75;97;56;59;64;83;88;98;58;90;87;92;75;57;89;57;84;84;56;87;97;78;67;81;84;74;89;87;79;71;78;56;76;58;54;64;90;86;57;85;87;95;62;87;91;56;64;58;90;73;91;76;93;105;85;54;92;92;88;71;61;92;86;89;63;90;92;94;89;96;96;90;78;94;94;80;63;89;66;64;52;87;75;86;55;85;94;96;58;75;95;67;89;60;55;87;82;54;90;88;80;87;55;68;73;93;59;65;93;91;89;93;78;104;89;96;91;94;86;56;89;57;57;88;70;103;62;89;89;73;57;58;84;90;93;106;98;88;67;91;91;54;91;57;93;54;54;55;56;54;60;54;60;55;53;62;56;59;67;58;57;86;83;86;71;84;87;95;92;97;85;92;62;83;56;57;59;56;75;74;88;75;99;55;76;58;79;91;61;92;63;92;58;58;,
274,2,973;1088;205;197;135;193;186;140;219;194;187;210;208;207;204;197;212;180;195;186;225;189;195;196;198;144;192;206;122;130;195;206;195;186;135;204;198;162;195;206;197;206;194;139;191;210;182;195;205;205;220;198;143;200;206;215;192;187;199;213;205;181;190;182;203;199;223;205;204;225;151;199;211;188;187;207;207;163;199;136;209;194;206;191;200;189;213;137;192;127;196;200;221;202;191;183;214;118;188;194;206;185;203;181;177;201;142;181;201;203;212;198;193;202;210;127;203;193;216;152;160;219;199;184;133;191;186;186;208;207;191;226;202;196;200;195;217;125;198;213;193;203;157;189;199;205;174;210;201;232;205;164;212;203;193;208;193;205;240;210;151;184;194;120;185;208;209;185;236;153;201;194;172;199;193;213;198;197;207;204;240;213;195;220;200;205;207;154;179;124;238;197;192;216;204;201;130;197;,
193,2,609;1031;1918;3394;2039;7011;3143;1912;2633;5198;3022;4256;4748;3985;4290;2579;2783;4406;3991;2894;3602;1716;2213;3879;7045;2464;3101;3315;2462;5899;3216;1499;1764;3607;1792;2193;1783;992;868;1926;2314;1356;1924;2188;1856;3865;2828;3211;2909;5036;3180;2728;3134;1614;3159;1104;2592;5159;3051;2618;3673;2121;3329;5422;3934;1161;1713;2367;1939;4533;4763;1735;2199;1318;2237;2608;3130;4267;4171;2944;5037;2925;2839;2324;2842;3942;7079;5155;2020;4357;2704;4733;3901;3568;3371;3008;4218;3147;2778;3012;3772;3303;4010;3286;2671;3110;1925;1939;3759;2904;1764;2165;3438;2535;3227;4717;2139;3009;1602;1836;3275;3253;1618;1172;4164;3653;3720;1135;1576;1054;2083;2146;2355;3239;2258;943;707;1544;1183;1691;1631;1094;1909;2633;1242;1489;1928;1815;3819;2190;2403;2726;2128;1566;2176;2140;1834;1902;1627;1314;1379;1603;2209;977;1407;2546;2525;1793;1293;1429;869;950;643;1324;1706;1564;1648;3204;1659;2118;1290;1380;1867;1189;1436;2500;2744;1140;3461;4509;2908;4132;2655;2420;2375;2144;3036;1894;,
306,2,219;42;50;51;90;48;43;46;46;49;58;65;48;48;44;46;44;54;51;45;44;45;46;45;43;42;49;51;44;43;41;47;43;44;42;48;45;46;42;42;49;42;41;44;48;46;43;42;43;45;49;44;42;49;51;43;42;43;45;44;41;51;45;45;44;45;44;43;43;48;42;50;50;41;46;42;42;43;43;43;70;51;42;42;42;43;43;43;45;57;51;42;44;43;42;67;44;53;67;48;41;49;41;42;43;42;44;72;51;43;46;64;43;43;61;43;45;50;43;42;47;45;43;43;44;70;52;73;62;59;53;52;44;48;58;45;41;41;47;41;41;43;43;53;52;42;48;48;42;43;44;46;53;58;53;42;51;45;44;42;43;50;49;44;43;42;43;43;42;43;60;48;42;44;43;49;50;44;44;59;53;43;42;42;44;51;43;46;49;53;44;42;47;43;43;42;46;60;,
266,2,1369;217;129;144;113;118;146;107;147;331;129;139;115;158;120;129;190;683;128;148;138;117;118;154;129;131;118;140;165;141;126;371;119;281;440;355;228;140;160;127;194;321;213;169;396;106;118;117;138;151;230;205;242;515;125;117;111;271;218;243;164;240;833;239;137;422;268;388;134;120;169;115;193;239;155;150;136;149;115;279;120;139;123;133;111;121;309;109;165;128;152;124;113;149;117;140;410;200;268;325;402;238;168;133;166;178;221;289;317;190;168;264;149;200;207;550;181;342;518;562;321;457;300;205;441;129;258;166;136;128;245;143;407;126;130;136;150;138;230;135;111;108;129;126;123;171;362;182;117;176;135;148;140;131;150;157;260;222;465;152;108;119;194;198;154;123;191;181;220;168;356;131;122;149;121;199;150;262;334;232;175;182;122;164;152;111;289;581;343;223;376;211;234;136;128;172;251;228;,
344,2,581;196;138;141;137;152;159;180;187;170;164;142;153;167;129;174;164;191;166;184;182;204;166;173;174;181;181;175;152;167;160;171;190;178;162;140;127;172;183;168;167;167;183;166;166;168;170;178;174;167;178;168;180;138;201;174;179;185;165;175;146;170;147;166;181;172;168;163;171;141;173;168;174;148;177;170;154;194;176;166;160;245;172;157;178;167;176;167;166;172;163;175;185;167;178;177;169;169;161;171;172;202;171;179;165;163;170;169;172;148;173;181;155;173;127;174;159;168;176;162;171;170;192;170;178;166;169;167;156;123;177;167;160;170;143;169;176;144;127;200;174;167;186;167;129;131;127;118;137;146;190;164;142;171;173;178;163;194;171;153;174;167;168;167;165;154;169;203;185;175;169;175;172;171;177;165;178;196;186;169;170;173;173;192;185;176;170;188;132;167;162;181;151;187;171;198;199;179;,
212,2,1081;190;191;189;177;173;176;172;176;198;179;180;178;171;174;173;175;180;188;186;179;168;192;185;230;216;194;228;236;184;194;203;297;211;192;222;182;177;195;184;173;236;177;185;215;180;180;666;216;417;220;213;199;739;187;194;184;279;165;180;180;209;206;600;417;294;212;291;221;192;411;211;323;294;224;199;188;181;573;178;232;186;218;168;180;424;178;213;582;270;328;184;188;185;200;171;258;205;731;184;190;187;201;309;291;440;465;418;698;649;203;338;283;235;195;183;195;571;177;188;274;292;601;190;184;219;189;192;196;423;726;700;242;300;945;376;238;200;187;168;612;181;172;192;222;180;198;289;257;192;1206;615;1634;259;260;209;2410;2486;973;637;330;240;476;445;479;662;392;803;217;548;225;294;168;173;171;193;247;190;170;183;164;163;181;204;186;202;185;194;182;181;224;199;169;188;178;167;169;187;,
199,1,458;120;106;123;110;110;150;136;123;133;114;134;108;125;123;122;137;142;111;112;110;120;111;122;129;131;112;109;122;110;122;118;115;142;112;113;113;108;133;133;121;135;109;128;111;114;145;110;114;123;128;116;112;124;113;120;124;110;123;125;121;124;110;116;112;113;121;110;111;121;116;115;122;108;109;111;124;111;123;118;125;133;121;109;124;109;122;115;114;114;124;113;109;120;109;112;123;110;128;122;113;124;111;115;110;122;119;122;112;109;128;115;116;110;118;110;117;115;106;108;110;116;112;110;110;115;160;128;126;112;111;120;108;130;113;117;120;111;117;116;111;109;109;110;108;111;117;112;112;118;108;119;120;111;107;113;111;110;114;112;141;110;108;111;111;110;110;132;111;112;111;111;112;123;110;110;109;118;108;132;115;110;112;119;115;183;151;133;115;111;111;107;130;140;111;119;125;117;,
206,1,307;74;75;73;78;75;88;74;73;73;78;74;74;75;90;72;73;85;73;79;74;74;78;73;74;72;71;70;80;107;75;77;74;89;74;74;75;77;86;80;76;79;73;75;75;81;84;111;74;77;74;74;79;71;72;73;74;74;77;76;79;71;75;74;75;75;93;75;86;75;77;73;76;74;121;76;80;73;84;72;78;74;82;75;80;73;76;76;75;73;75;102;76;76;75;77;80;82;75;77;74;80;75;78;89;75;73;77;78;74;75;75;73;74;72;74;77;72;79;72;75;71;74;76;72;75;80;75;84;72;80;83;75;82;75;76;72;80;88;85;80;75;77;78;79;89;83;74;78;74;77;76;71;75;72;75;71;74;73;72;86;75;74;76;75;75;74;75;80;76;76;76;75;74;92;74;75;84;78;82;72;74;77;72;99;79;77;75;74;80;78;72;72;72;73;73;86;73;,
285,1,221;68;54;80;56;75;77;58;103;61;57;58;82;109;94;87;59;110;65;58;86;56;59;65;60;63;95;66;105;57;55;54;69;61;66;67;54;78;102;86;53;138;53;83;70;58;82;96;90;93;55;55;78;63;59;81;72;56;90;119;188;82;62;54;54;79;83;54;80;88;83;87;57;72;58;98;79;138;61;66;62;64;54;57;76;58;62;57;59;62;67;72;109;82;95;90;82;93;58;57;79;77;88;88;76;112;68;79;87;98;90;56;54;51;120;151;59;61;65;59;75;64;69;188;358;73;60;65;90;63;73;57;63;75;67;73;62;55;58;82;59;56;66;183;55;95;89;73;68;94;87;97;75;64;66;69;54;75;60;73;58;84;73;59;67;73;92;173;57;84;73;84;57;89;85;84;82;60;58;78;79;94;65;78;74;61;84;62;93;71;88;107;99;57;72;76;58;70;,
293,1,54;36;30;30;34;32;33;30;29;30;30;32;30;32;33;29;31;29;28;32;28;30;46;31;30;31;30;31;30;29;31;31;31;30;29;30;29;58;30;30;36;33;33;32;29;29;29;39;28;32;36;39;30;29;30;30;30;29;30;29;28;29;30;30;28;34;28;45;33;29;28;37;29;29;30;64;30;31;28;29;29;29;29;30;31;29;30;30;31;40;29;30;30;29;29;30;33;31;36;32;28;30;29;32;34;39;33;38;32;31;31;45;42;34;31;31;46;44;38;40;27;34;38;36;40;30;42;43;40;35;34;36;32;29;31;33;28;242;31;31;30;37;48;40;40;38;46;46;41;29;34;31;37;32;38;35;30;30;32;31;32;40;30;30;34;32;30;33;30;30;31;30;33;29;40;32;31;32;41;30;41;36;29;33;34;51;30;31;30;30;31;29;30;34;36;30;32;32;,
230,1,1774;267;146;344;207;158;118;119;604;386;632;388;387;339;371;397;626;408;408;480;125;145;115;113;119;114;121;117;128;133;124;149;125;137;111;127;115;113;118;176;114;119;119;119;153;114;121;108;163;128;143;133;115;120;126;124;115;116;112;115;114;113;116;122;120;125;116;109;116;112;111;115;115;116;138;119;110;111;133;116;115;125;132;130;114;122;118;128;129;115;125;131;118;123;122;123;119;117;112;112;110;132;190;126;123;110;121;116;119;124;115;121;117;120;200;117;119;121;117;115;119;125;129;111;169;163;114;125;124;124;115;113;119;118;115;117;120;117;149;132;184;117;110;129;115;112;112;124;119;120;129;117;117;119;126;118;120;121;128;131;127;128;130;122;111;123;115;116;115;135;115;124;119;123;130;120;120;120;119;125;128;130;122;120;118;134;124;128;116;145;133;133;136;108;136;136;127;112;,
215,1,473;148;155;98;85;95;84;101;86;86;84;85;86;87;96;164;90;109;94;83;90;109;167;131;109;136;94;96;86;88;88;83;92;92;84;86;126;99;95;81;91;83;118;104;101;83;109;84;82;95;94;84;94;89;88;84;87;88;82;101;144;100;104;105;107;92;85;93;87;115;112;120;83;82;80;83;85;93;84;84;82;99;105;167;150;82;98;85;133;86;104;98;84;94;107;126;107;88;107;99;87;85;109;90;96;89;85;92;85;113;84;94;99;109;101;108;97;87;84;87;90;82;85;88;97;92;102;84;84;86;96;87;104;110;128;84;87;88;116;86;81;95;105;84;173;81;86;102;113;107;99;87;86;98;103;120;83;112;97;97;95;103;109;83;86;92;89;98;108;173;128;83;156;90;101;87;94;106;97;98;85;121;97;86;99;87;126;117;82;82;105;107;93;84;97;113;102;118;,
269,1,372;509;96;135;261;348;109;241;117;100;118;140;98;109;118;104;99;110;105;129;106;94;116;396;762;188;279;205;219;402;184;104;102;159;97;128;106;154;97;127;97;129;102;108;105;161;104;108;114;118;96;114;104;99;124;144;100;107;102;181;104;652;522;112;134;103;103;151;116;115;100;96;142;107;163;99;117;98;102;99;107;135;114;108;207;103;114;105;132;98;102;116;107;143;105;97;122;122;95;101;195;90;100;98;96;133;100;98;117;132;103;97;116;129;96;99;97;104;95;135;229;129;116;113;141;127;93;129;96;115;135;99;104;140;99;123;113;115;120;124;209;293;106;128;205;107;121;125;116;106;134;117;109;99;111;98;93;98;112;139;108;136;103;109;114;137;131;101;149;111;92;107;105;109;98;95;138;119;128;103;131;95;128;142;114;140;136;105;96;144;223;102;100;99;122;121;128;94;,
245,1,389;189;130;154;171;134;148;147;177;164;150;145;145;142;134;135;133;144;138;148;138;140;125;144;155;165;144;158;153;137;137;145;154;172;141;155;151;158;139;138;138;131;139;147;147;145;144;157;134;135;159;158;143;152;142;139;155;157;152;145;137;144;146;150;154;143;141;153;143;147;150;141;139;148;142;136;144;169;172;152;153;162;144;149;149;135;148;140;152;152;153;148;152;152;135;150;167;147;163;149;147;172;156;144;144;151;159;164;156;140;141;158;146;140;149;146;155;147;145;133;142;142;152;148;138;166;145;140;143;137;143;141;143;139;149;152;134;142;136;144;130;142;140;180;147;155;140;143;139;153;139;157;152;156;142;170;154;138;149;139;158;138;169;138;136;135;130;141;148;159;153;148;150;165;147;143;149;156;158;166;144;144;140;133;159;133;140;141;143;172;154;181;133;140;142;160;136;151;,
309,1,423;107;102;114;97;111;109;130;104;104;97;96;95;98;102;105;100;114;117;104;115;98;106;101;112;120;111;106;109;108;109;108;96;105;101;117;103;110;103;111;99;110;93;113;112;96;99;110;102;107;98;115;106;108;143;113;108;100;114;109;112;101;107;110;126;98;101;107;100;106;113;112;111;116;278;98;106;109;119;121;131;107;127;126;100;100;107;102;186;119;104;103;108;107;102;112;96;120;132;108;100;104;103;107;106;104;103;126;101;107;97;105;115;100;109;117;125;106;108;106;98;104;114;104;111;101;108;103;102;115;109;97;115;102;115;107;101;105;110;105;103;107;111;124;107;99;108;110;100;112;101;119;114;106;109;105;105;96;112;102;106;138;108;112;105;107;113;96;105;113;125;107;108;102;108;97;105;105;110;131;108;104;123;127;103;113;117;104;121;137;105;104;116;128;98;143;122;154;,
237,1,542;360;242;870;155;209;175;135;128;122;99;104;130;130;141;93;191;118;310;156;118;123;127;102;121;136;138;118;89;171;167;100;134;140;142;132;284;199;116;107;169;110;123;97;102;108;194;165;136;154;140;179;299;158;134;127;115;102;173;135;125;147;145;117;95;165;125;184;94;120;98;105;142;129;132;126;132;108;161;148;130;193;134;146;135;181;123;94;128;115;98;123;112;143;132;144;124;85;104;135;118;104;151;102;133;129;154;104;121;121;122;113;129;152;145;152;129;131;127;139;204;128;147;550;117;107;132;145;155;136;457;111;122;113;127;148;131;123;139;404;160;146;139;124;127;135;95;107;105;136;110;142;124;130;136;135;142;407;117;125;319;415;119;119;120;130;606;173;93;129;126;103;120;117;145;170;118;138;129;101;145;127;111;125;105;130;118;125;136;142;127;125;93;165;122;117;155;94;,
317,1,280;345;86;84;74;79;70;73;83;87;71;79;76;79;77;77;70;77;74;74;70;78;85;77;84;84;73;77;73;79;71;75;78;78;87;84;75;71;76;78;73;74;74;71;95;80;81;81;88;77;88;74;86;86;74;74;76;71;78;77;75;71;72;77;78;77;83;73;79;73;76;83;82;83;75;72;74;80;73;71;73;72;78;86;75;75;80;83;81;75;76;83;78;76;87;72;73;73;80;71;76;93;75;79;76;78;77;72;77;73;85;298;72;84;72;77;83;73;82;73;79;73;82;98;192;80;77;78;72;74;68;78;80;72;82;76;76;81;84;91;84;85;66;85;90;79;76;86;83;87;71;70;81;68;81;82;68;74;80;77;73;70;85;76;70;76;78;73;84;80;75;71;71;74;75;78;72;73;81;71;70;71;77;77;73;73;78;72;74;77;72;71;85;81;72;73;75;91;,
301,1,131;88;29;45;81;31;38;32;34;31;33;31;30;43;32;32;31;35;29;33;34;31;38;29;32;35;32;33;32;31;33;35;35;41;34;33;44;31;33;34;28;34;34;37;31;32;35;33;33;32;32;30;29;30;35;36;34;35;32;32;37;28;34;55;32;36;35;54;33;37;41;35;29;30;28;40;41;36;36;37;34;36;34;37;30;41;39;34;31;29;33;33;31;34;45;91;35;34;36;36;30;31;33;39;65;33;34;33;32;30;34;31;33;35;33;32;29;47;33;33;34;37;32;33;33;33;33;30;29;30;30;29;36;32;38;39;28;34;30;32;37;30;35;29;29;39;39;28;31;32;28;35;33;34;29;29;29;33;35;31;32;35;31;33;33;33;38;32;30;30;40;30;28;28;34;33;33;29;44;28;30;34;31;27;36;29;31;38;35;34;41;34;33;31;36;33;29;45;,
222,1,505;59;52;72;53;56;54;56;59;58;53;73;77;59;54;80;84;82;87;81;65;77;57;55;83;95;91;87;84;52;70;83;89;89;92;81;87;89;57;68;89;84;86;96;90;86;87;95;84;84;97;89;94;83;96;90;78;94;67;71;86;97;76;88;70;66;86;86;90;87;90;60;84;76;86;89;85;71;93;57;56;88;66;82;73;73;82;94;74;81;76;77;94;52;86;92;84;79;59;70;67;88;89;79;98;58;92;109;67;111;81;91;87;84;74;105;69;64;89;96;84;109;53;86;72;106;78;94;66;80;93;72;63;82;148;54;77;70;87;72;69;243;104;144;58;76;109;52;86;68;56;66;62;58;57;53;60;53;58;79;67;79;58;88;92;53;55;56;53;56;61;54;72;70;54;58;74;75;58;132;105;122;125;116;110;92;100;111;88;73;77;57;59;54;58;67;63;58;,
334,1,359;294;93;81;80;80;79;78;80;498;343;88;79;78;80;77;81;76;609;317;77;80;80;78;79;77;80;595;355;85;80;81;82;82;81;76;573;342;90;80;82;78;87;81;66;598;336;86;172;78;78;82;83;79;585;345;81;77;81;80;78;81;80;601;347;81;82;80;97;80;78;79;500;343;85;83;78;79;78;82;78;575;331;79;80;86;80;102;83;82;478;341;86;82;81;80;81;82;82;496;363;79;80;82;80;82;68;68;601;338;79;81;81;80;78;78;79;586;348;85;79;79;86;79;82;76;519;330;85;82;82;80;79;79;80;591;351;85;80;78;80;80;90;81;576;344;86;79;79;81;81;83;83;487;333;86;81;81;80;79;81;83;587;343;89;78;86;78;80;91;80;493;350;81;80;65;68;70;76;83;555;346;80;76;80;79;108;80;79;572;343;88;79;81;80;85;77;85;,
351,1,322;69;118;85;107;106;103;75;82;113;71;71;70;70;94;86;91;73;105;85;119;86;70;87;80;72;72;71;72;90;73;74;112;100;91;100;71;77;80;74;75;102;74;92;83;71;73;101;92;89;82;100;80;73;73;70;69;86;111;97;100;86;73;91;77;109;76;96;76;124;88;77;112;77;75;100;95;106;106;76;72;73;71;116;98;105;90;85;77;89;116;100;109;77;78;73;93;76;72;73;73;76;83;106;102;107;82;72;102;76;71;72;75;73;92;113;71;108;96;77;77;105;73;73;73;72;71;99;75;72;71;96;88;82;100;72;71;90;87;72;77;73;84;75;84;102;113;89;92;92;102;104;216;93;99;104;72;81;120;76;72;81;72;103;73;71;81;93;103;78;107;112;95;95;96;73;102;95;81;84;77;71;102;112;90;101;108;101;78;101;86;90;72;75;71;90;102;75;,
185,11,461;1024;1809;1323;1013;462;340;1112;1206;123;1136;1329;1326;244;657;540;206;250;102;116;198;1294;253;243;149;167;195;414;365;385;782;486;1132;560;635;445;1314;247;131;109;117;164;461;208;200;311;1350;1211;412;566;754;444;1130;1282;1249;416;175;247;330;418;136;127;1057;938;1353;354;604;529;607;907;990;635;1285;709;378;701;874;1535;755;1089;709;1188;721;2142;913;1491;499;772;443;700;124;313;847;940;2598;224;1240;509;496;431;231;532;669;1053;1051;917;1289;272;536;236;951;193;318;394;651;922;1512;820;382;281;313;511;1194;1018;836;245;769;154;405;792;500;504;954;858;1469;563;731;683;201;178;109;221;159;202;131;95;235;123;133;181;415;1262;924;1131;536;741;499;428;463;704;600;1101;1070;1172;670;180;223;229;107;137;213;188;284;235;237;819;479;304;152;391;224;433;173;112;126;356;104;182;134;519;949;745;585;823;703;640;1035;509;,
325,16,250;247;110;114;117;115;115;113;113;111;111;120;115;118;113;116;113;113;126;112;121;116;120;113;122;125;119;113;113;112;116;114;116;114;121;112;111;112;149;121;127;119;119;119;121;119;268;138;118;116;121;132;124;124;153;121;120;128;120;205;200;123;166;155;399;249;123;130;165;368;137;225;342;135;133;141;133;152;170;129;113;119;144;169;141;118;139;834;123;194;117;200;168;117;149;262;134;768;110;125;162;114;125;121;122;228;128;122;111;118;114;120;121;113;245;123;114;113;113;114;117;112;115;114;113;115;115;132;111;113;111;132;119;260;118;112;112;109;315;110;133;157;245;172;109;111;112;121;122;112;111;132;110;248;108;127;110;112;116;208;113;112;116;119;127;111;114;114;118;118;116;117;113;129;112;168;113;115;112;110;111;111;115;128;110;110;110;113;113;113;114;132;111;120;112;118;112;112;,
183,16,615;67;64;58;59;55;59;58;61;58;60;65;55;60;57;62;58;57;55;55;56;60;55;57;56;59;54;60;55;57;56;61;56;57;58;60;59;61;59;58;58;56;56;57;57;57;55;57;62;62;58;53;60;59;61;56;59;56;56;56;56;58;56;56;52;54;55;58;55;61;59;56;55;54;59;59;57;64;57;55;62;56;59;56;55;55;56;61;59;101;55;75;62;53;60;56;54;62;55;56;58;61;56;62;58;55;58;58;64;54;54;62;58;62;57;63;57;57;54;59;58;58;55;55;60;58;62;58;55;70;61;63;58;66;65;71;56;56;54;52;66;56;57;60;57;60;58;54;61;59;60;62;61;67;58;53;60;56;56;59;61;59;61;67;61;66;62;58;58;57;55;54;61;55;56;56;57;57;72;60;71;59;60;61;61;61;60;66;57;75;60;57;60;61;55;57;58;58;,
328,16,206;91;119;88;92;79;88;90;83;102;108;98;85;101;80;87;89;98;87;80;98;89;88;93;130;126;95;145;89;84;80;80;82;93;118;92;88;155;76;87;78;85;114;95;208;92;81;104;89;85;105;138;92;88;88;93;91;86;98;127;88;98;83;92;156;87;99;122;111;95;84;101;78;84;92;81;97;118;93;82;93;79;75;108;107;273;213;75;112;85;87;110;136;111;97;84;112;106;80;92;124;121;94;273;74;88;76;99;105;97;389;94;84;75;72;140;76;98;75;90;86;108;162;102;122;144;93;87;79;79;87;82;97;398;82;87;97;84;99;99;425;84;90;84;90;92;80;79;95;116;80;83;85;78;121;80;152;75;92;105;179;73;83;118;90;80;90;85;116;82;90;92;84;83;74;104;79;87;84;81;101;134;410;96;75;76;77;98;82;96;87;85;85;75;96;76;161;72;,
322,14,847;192;217;189;195;191;191;194;205;200;188;192;199;193;192;193;192;252;192;183;183;181;179;180;192;195;255;192;188;190;283;188;246;180;195;192;226;202;199;178;186;239;187;194;209;407;188;183;183;186;231;199;192;205;195;188;184;206;196;209;197;196;200;215;203;182;197;422;209;288;201;205;206;190;182;196;199;191;188;197;204;247;188;184;185;180;207;199;199;266;414;180;187;235;243;402;187;218;206;320;192;422;208;196;491;194;203;220;192;591;250;191;182;193;450;212;199;202;186;184;211;291;186;195;193;210;194;200;184;191;192;358;185;252;199;201;255;198;183;191;204;186;188;243;202;356;181;183;202;194;190;512;396;194;191;187;240;192;198;205;195;248;198;193;234;346;201;187;499;186;208;200;206;194;185;269;309;183;184;192;215;271;182;191;224;192;327;246;200;203;191;484;185;236;186;223;589;200;,
187,14,127;83;79;82;124;70;71;79;77;78;83;83;81;80;79;86;81;77;79;77;83;83;84;79;86;78;78;78;79;85;79;83;83;85;82;78;81;81;80;82;80;83;76;78;78;80;83;81;80;80;82;79;81;75;81;80;77;78;77;82;77;92;79;78;90;89;87;83;86;79;81;75;78;80;87;82;83;78;82;77;79;75;78;81;75;79;80;78;85;439;78;78;78;82;79;84;83;104;78;89;88;85;76;111;266;80;79;102;97;97;99;75;76;76;81;76;78;79;81;82;77;80;82;81;86;74;81;81;73;83;84;78;83;79;84;95;81;82;138;227;156;123;118;118;121;126;116;149;119;231;123;109;116;129;119;116;116;126;130;236;76;77;118;216;97;91;84;88;82;67;87;84;92;77;84;81;79;76;79;88;88;93;80;90;78;78;81;95;80;73;70;81;71;82;87;76;77;88;,
330,14,321;684;77;76;75;77;73;77;75;73;73;75;79;73;73;77;75;76;74;74;73;77;76;73;74;74;81;76;76;73;73;75;76;75;75;75;75;74;77;74;75;74;75;74;74;74;75;80;73;73;77;77;74;75;74;75;78;74;74;85;75;76;74;75;73;76;74;74;75;76;73;75;74;73;75;76;76;75;79;74;76;74;75;73;75;75;75;76;75;75;72;75;74;73;74;74;76;88;75;75;74;72;76;75;75;74;74;75;75;74;74;75;73;83;75;74;74;71;76;72;73;83;78;75;76;75;80;75;74;69;73;76;78;73;74;77;76;76;75;74;78;75;76;71;79;75;76;78;77;77;80;74;73;77;72;74;74;75;75;76;76;74;74;75;75;74;77;76;84;75;74;74;73;75;76;75;73;69;73;74;76;74;76;78;74;75;74;77;87;74;76;84;79;74;75;75;79;77;,
180,15,631;171;132;129;155;126;140;157;150;127;126;146;122;132;129;154;143;143;129;129;124;125;144;128;147;130;133;125;141;148;128;122;129;124;127;130;124;124;148;127;126;127;145;140;148;151;129;131;127;152;134;136;140;155;126;127;145;142;151;146;129;125;133;128;130;127;125;122;125;129;122;127;133;128;138;127;129;127;129;152;128;126;129;123;130;142;133;129;131;137;128;134;141;130;145;137;139;146;140;127;131;129;145;126;138;127;127;129;128;142;134;129;155;155;128;157;162;126;129;129;126;154;188;134;144;142;129;127;140;151;128;130;146;130;130;131;146;146;125;131;149;128;137;127;127;123;151;127;157;134;127;132;145;131;126;128;141;156;159;139;165;158;145;144;129;129;148;135;128;141;132;134;126;146;126;139;160;160;142;125;128;149;129;129;129;138;126;129;139;154;155;146;150;155;130;127;129;143;,
320,15,196;1116;57;56;46;41;42;43;48;53;41;45;41;45;73;43;64;49;45;41;46;42;47;49;66;70;48;70;43;42;44;43;55;43;43;45;48;43;58;71;47;43;48;43;48;46;64;51;70;68;68;46;59;42;43;51;42;45;110;68;42;45;42;66;55;45;50;47;44;42;57;43;42;48;44;57;52;42;55;41;57;44;68;42;42;48;50;44;50;51;43;69;53;45;74;50;49;42;43;50;67;42;44;44;42;43;66;52;70;48;42;56;43;70;46;44;42;42;48;43;45;42;42;43;44;50;44;70;44;41;43;45;65;54;45;50;47;43;58;59;44;48;53;44;43;51;48;41;53;43;43;161;70;42;44;42;57;52;50;65;43;55;42;43;43;50;51;44;50;43;49;43;43;43;70;49;44;59;49;45;46;42;43;43;42;48;49;46;49;48;53;43;55;65;51;55;59;50;,
192,15,496;234;608;185;186;180;189;183;170;175;201;176;178;193;177;187;175;174;170;172;174;171;169;181;178;193;197;177;174;171;171;174;169;169;175;178;180;169;166;179;175;175;168;189;175;170;171;175;172;167;169;190;177;174;170;176;186;175;176;171;170;176;171;170;181;170;169;172;182;173;173;171;170;181;175;172;179;175;174;176;169;184;191;177;171;193;178;186;184;172;170;171;175;174;174;173;168;172;174;174;174;169;171;176;171;168;179;176;175;186;172;173;173;171;172;172;171;174;183;174;178;172;170;171;180;172;173;173;180;181;178;174;192;175;175;173;168;169;176;169;198;166;169;178;180;173;187;175;177;186;172;179;174;190;170;172;173;176;181;180;176;192;172;168;171;180;172;175;183;203;174;170;182;169;185;175;172;660;339;176;171;178;173;186;181;178;238;176;172;179;172;174;201;189;175;171;185;175;,
176,9,2496;3972;670;418;1617;1242;1946;889;37138;90;100;135;361;328;281;757;170;82;61;180;310;994;717;232;62;53;67;56;174;608;889;477;131;61;82;69;61;1130;2079;1066;185;140;59;57;170;53;133;65;58;163;56;62;67;136;289;57;61;273;161;556;87;62;146;127;378;317;69;193;59;81;156;1317;212;1408;1190;1170;57;331;1064;720;339;219;71;174;155;113;57;56;218;100;74;66;167;78;56;89;60;64;62;193;237;81;56;57;59;1145;724;236;134;148;156;62;63;63;352;275;60;138;56;57;58;196;125;87;62;72;112;75;158;55;57;76;58;358;65;440;283;59;145;298;139;62;58;65;324;147;114;60;175;61;61;87;165;62;59;195;62;198;193;114;71;58;172;74;107;60;60;139;94;58;115;66;68;576;56;91;63;248;207;216;76;66;56;65;320;55;60;61;59;65;80;114;325;71;68;63;64;186;,
321,9,14853;5287;2355;1499;3659;1026;1399;914;1112;1143;1210;1277;1136;1401;1193;984;1125;1103;910;1222;1335;1027;1080;1092;1200;1202;2146;2084;1056;1230;1380;1082;1405;988;1676;701;1176;1464;984;888;1352;971;1155;1341;1121;1100;1044;961;1169;1144;912;1130;1083;1207;1251;1244;1292;1163;1215;1368;1219;1273;1362;1240;1060;1097;1324;1061;2708;2703;3613;2935;1268;1311;1158;1195;1311;1811;1102;923;1034;1264;1065;1193;1211;1217;1653;874;1331;875;1226;975;1172;1041;1237;1230;1023;1255;1024;1128;1173;1194;1089;1080;1105;1126;1167;1394;707;1193;1239;1193;1153;1211;1716;1245;1161;1222;1146;1149;1977;1120;1094;906;1287;1094;1308;923;965;984;965;1090;818;1233;742;998;867;1023;1021;1160;1455;853;575;994;1915;1462;629;859;813;1370;783;763;925;1042;1023;1142;1160;860;906;879;950;1137;766;1015;883;979;1000;1033;902;913;924;1391;768;1355;608;1060;1050;1044;1620;810;909;1288;834;951;1007;1053;944;958;989;1096;996;899;917;1492;403;886;1016;902;,
197,12,392;150;114;116;115;118;129;118;116;121;113;120;115;111;119;113;115;111;113;138;113;121;113;117;171;114;117;231;118;156;151;125;157;173;234;115;164;165;242;118;171;145;248;114;173;247;149;120;174;165;120;161;179;246;166;118;156;121;115;134;122;124;115;138;115;124;119;128;119;155;118;118;117;116;115;125;113;124;124;163;120;121;127;145;113;115;114;124;117;115;115;151;114;122;130;116;116;122;114;116;117;123;113;114;114;114;112;115;121;114;130;124;113;118;120;117;115;121;119;115;119;130;116;112;116;119;119;119;125;119;119;116;117;121;121;115;113;116;115;123;133;118;115;120;119;118;113;112;113;114;116;116;117;116;118;117;134;129;121;119;115;122;117;114;131;123;120;123;112;119;115;119;118;119;118;121;114;117;114;145;127;114;116;147;116;132;118;117;116;120;114;114;114;124;119;116;117;117;,
324,12,753;786;669;620;506;650;347;341;325;277;388;391;313;288;320;282;255;273;262;263;252;206;242;206;227;170;166;164;147;147;136;141;149;142;187;194;194;207;176;157;144;169;142;177;162;142;155;176;144;199;141;128;117;137;121;144;156;132;113;124;234;123;122;166;121;137;252;309;130;174;142;120;124;123;121;132;112;130;207;115;120;136;124;127;199;217;115;139;121;136;118;196;151;119;207;112;122;131;130;124;132;125;115;226;126;150;181;233;208;130;269;176;175;175;175;207;179;201;116;160;124;143;178;180;194;194;159;257;176;158;262;201;166;173;147;167;118;173;123;145;144;136;218;116;204;143;146;161;158;127;136;173;149;208;173;191;188;165;249;145;163;150;170;135;154;136;133;162;132;145;126;141;295;173;144;132;108;144;187;164;120;123;108;132;212;126;132;129;118;136;139;122;119;200;215;126;162;111;,
329,12,260;66;81;66;71;68;71;70;70;67;63;82;63;63;66;66;67;66;63;64;64;66;65;65;64;68;85;64;65;63;70;64;65;64;66;88;64;66;64;65;70;66;70;74;66;66;64;67;65;67;71;67;66;82;65;65;65;67;64;75;65;86;70;65;64;66;64;86;68;65;80;66;80;64;67;64;65;66;67;66;78;71;63;77;67;72;68;83;74;73;79;71;65;65;82;74;65;68;67;66;66;69;67;71;65;63;70;66;72;66;70;64;64;65;69;68;65;66;63;69;65;72;70;69;65;67;66;74;73;72;64;67;66;67;80;65;69;67;62;67;65;68;69;65;70;152;65;71;66;65;75;119;64;71;64;72;65;65;68;67;70;67;70;73;65;64;66;66;64;78;65;64;63;65;65;77;79;72;67;66;64;75;63;64;66;76;82;82;67;73;71;66;63;66;64;73;76;71;,
184,12,395;67;51;51;54;52;57;54;51;51;52;52;50;53;51;50;54;56;51;50;51;52;54;56;50;52;51;57;51;55;56;51;53;57;50;54;52;52;53;52;51;51;52;54;60;55;52;56;56;49;55;52;51;54;50;52;51;53;51;50;51;52;53;50;51;54;58;51;53;52;51;50;49;50;54;56;51;54;51;50;51;55;53;50;53;53;52;56;54;59;52;57;52;50;56;51;52;56;57;53;52;54;53;49;49;50;51;53;56;50;53;50;57;56;52;54;50;52;56;54;50;50;55;52;55;55;52;53;52;53;57;50;58;56;51;50;49;50;58;55;50;56;50;55;52;52;57;49;49;49;51;51;49;48;53;50;53;56;51;50;52;50;50;53;51;52;51;53;49;50;50;51;52;55;58;54;50;52;50;51;54;50;48;51;54;53;50;52;54;50;53;51;52;50;49;53;54;50;,
273,6,168;62;50;49;77;52;48;52;56;49;51;62;53;59;49;54;55;63;56;50;62;55;57;173;51;53;50;48;61;61;61;60;53;51;50;58;48;52;51;67;53;50;49;55;53;53;47;53;51;50;52;52;52;47;52;49;51;46;54;54;144;52;56;51;50;57;48;53;57;55;54;50;48;48;47;50;54;49;50;60;77;55;50;57;54;55;59;49;52;53;47;48;54;48;51;58;50;53;49;60;53;54;294;57;53;150;50;54;56;68;53;57;187;61;51;56;57;52;61;49;55;63;50;51;51;69;52;58;57;70;48;53;54;53;54;54;53;55;56;56;60;64;55;71;52;58;52;71;48;56;49;53;147;49;61;50;60;54;75;50;48;48;58;57;51;64;50;56;63;55;52;55;56;50;48;48;51;51;49;47;53;51;56;54;53;50;64;61;49;55;50;57;60;62;54;55;64;48;,
305,6,244;79;59;64;60;61;62;59;59;61;62;60;60;60;61;61;63;61;61;61;60;59;62;61;59;61;59;61;61;60;64;62;59;60;61;60;62;58;60;64;62;59;63;61;65;60;61;62;60;62;62;59;60;60;62;62;58;65;62;61;61;59;62;62;60;62;59;59;60;61;59;62;59;60;60;61;60;61;59;60;63;70;61;59;59;63;60;60;63;67;61;63;59;64;59;62;58;61;63;63;59;60;62;61;61;60;64;62;61;62;60;64;59;60;61;61;63;66;73;59;60;59;58;63;60;62;64;61;60;59;62;66;62;59;61;61;60;60;62;59;61;62;62;63;66;62;58;61;61;63;61;60;66;61;65;62;58;60;60;63;61;60;63;66;60;59;61;61;59;62;62;61;61;65;64;58;63;76;64;63;60;61;62;59;59;57;62;58;62;61;60;60;59;60;60;65;63;62;,
297,6,270;72;84;95;61;85;64;103;67;74;85;96;95;94;98;78;89;74;85;91;99;97;93;100;91;101;68;89;96;98;92;94;95;57;76;69;81;71;82;95;60;56;58;59;63;81;60;62;78;99;63;58;85;62;88;70;61;92;94;86;92;66;60;90;80;80;84;62;56;76;92;73;56;100;57;57;79;79;59;92;57;57;83;61;89;89;97;95;94;70;93;56;89;92;80;90;77;66;73;71;62;90;84;75;84;96;57;62;87;90;97;94;81;78;66;73;65;96;95;95;95;99;97;87;78;80;73;64;90;66;56;59;80;90;65;93;65;96;97;94;94;76;91;64;80;67;54;59;58;80;147;57;67;91;86;96;110;74;92;74;95;59;62;65;91;76;62;88;62;78;64;70;85;92;91;98;101;79;95;68;57;89;88;88;90;95;93;97;55;55;113;96;95;69;82;95;96;67;,
281,6,516;341;329;272;313;177;225;206;274;186;154;143;171;165;115;101;175;188;135;128;101;109;169;117;115;141;130;137;102;177;154;107;118;179;105;106;118;130;165;128;164;118;115;111;110;150;128;121;136;154;122;131;153;113;128;173;142;141;108;115;150;96;126;105;133;112;99;98;120;96;108;123;105;108;114;126;106;118;100;103;110;95;111;105;94;113;100;98;104;118;105;107;98;103;123;162;145;125;107;109;116;100;110;104;111;139;142;121;119;124;110;110;131;108;111;118;124;121;117;123;138;166;169;134;374;269;123;118;124;130;109;108;109;109;110;109;115;118;105;108;105;120;104;125;143;126;148;129;130;124;126;109;160;102;143;147;130;122;137;133;140;110;101;103;115;98;104;116;107;110;121;123;134;178;163;121;155;201;104;114;137;113;106;98;104;112;106;116;118;118;136;104;131;103;112;127;104;110;,
289,6,404;125;130;124;117;104;134;109;131;126;128;111;111;106;108;134;135;137;119;118;261;115;102;104;112;114;120;117;106;106;111;111;112;117;107;138;127;116;114;118;129;108;103;121;108;116;116;106;114;112;112;117;112;119;120;131;130;110;129;120;109;132;119;114;120;108;128;113;114;124;188;120;111;107;114;112;117;114;116;114;121;117;120;106;113;121;107;116;107;141;127;107;99;117;114;115;135;189;109;111;124;109;122;110;110;122;113;124;112;105;129;117;115;110;109;112;123;116;110;102;117;116;112;122;123;104;113;926;101;117;108;118;112;121;117;120;134;122;103;114;108;124;421;233;112;114;121;121;120;123;122;129;131;138;106;107;115;108;111;114;119;151;109;113;112;111;115;113;118;114;130;114;111;119;120;113;117;116;123;116;115;116;127;130;117;117;130;115;119;116;107;120;105;114;635;130;111;123;,
354,6,332;87;71;68;70;69;69;68;71;67;70;68;68;68;69;68;68;76;69;70;68;68;70;69;69;77;78;68;68;68;70;69;69;69;68;70;69;70;70;68;74;72;70;69;70;71;72;68;68;68;69;68;70;72;74;74;71;79;77;68;69;83;69;74;75;74;72;71;70;80;68;71;73;73;70;70;71;84;75;72;72;71;68;69;69;69;68;68;69;77;68;74;75;69;69;70;69;68;69;70;91;68;68;70;74;70;71;68;83;72;67;69;70;75;68;68;69;75;68;69;68;69;69;76;70;69;69;69;68;67;68;70;68;67;73;68;67;68;69;72;67;68;68;68;79;70;67;70;68;72;67;76;72;69;69;68;68;68;70;68;86;69;68;80;69;68;68;69;69;68;73;68;70;68;68;74;68;68;68;68;73;70;69;70;68;68;73;67;77;69;68;68;68;69;68;68;69;73;,
195,6,765;114;120;128;118;112;114;113;114;119;115;163;121;112;119;123;133;113;116;113;112;112;118;117;119;112;114;115;126;114;111;113;118;138;138;131;122;115;114;126;125;114;115;124;119;114;115;116;114;123;113;122;119;122;134;116;133;144;124;120;113;114;114;117;122;123;118;123;118;116;134;112;130;118;123;120;112;115;119;117;417;244;117;128;114;113;135;117;168;114;117;113;111;113;112;113;118;120;123;118;115;114;112;112;115;112;130;114;126;117;113;113;118;116;116;113;134;120;116;114;116;121;122;119;184;270;148;113;123;113;118;117;116;116;118;121;121;116;152;118;120;116;114;116;125;113;114;117;116;114;119;194;111;125;113;114;113;116;116;130;116;122;131;113;117;113;121;117;118;117;113;114;115;113;121;117;115;225;126;120;124;119;129;119;126;416;428;142;117;128;123;117;116;129;134;113;114;127;,
265,6,156;34;38;34;33;33;35;35;34;34;40;33;35;36;33;33;34;34;36;37;44;34;38;39;34;35;35;34;36;36;39;35;41;41;34;34;34;33;37;34;36;38;35;39;36;39;34;35;34;33;33;34;37;35;33;40;38;41;35;36;37;38;36;34;36;32;35;36;36;35;35;36;32;36;37;33;33;36;34;37;35;36;36;39;35;33;36;34;38;35;36;39;33;38;35;34;34;40;36;40;37;38;41;36;38;38;37;39;40;36;37;34;34;37;36;35;38;36;35;34;35;36;38;42;35;37;34;35;35;39;33;37;35;35;34;36;38;35;35;39;34;35;47;34;37;43;44;37;35;36;36;37;35;36;36;37;43;45;37;36;37;38;37;38;36;35;44;40;36;35;33;35;37;42;34;43;42;38;34;36;41;36;36;35;35;39;34;36;37;38;36;40;37;38;45;37;37;37;,
313,6,362;272;3703;1428;387;483;695;298;661;383;395;159;192;171;151;162;180;173;167;153;270;174;256;279;579;573;303;265;277;259;258;261;198;163;158;162;177;191;191;198;253;525;430;289;220;225;184;351;272;166;209;178;195;162;175;159;198;465;499;364;275;274;303;258;205;289;404;188;158;173;178;209;908;570;602;305;1207;337;343;188;273;710;478;403;380;321;278;253;254;213;194;113;203;162;180;211;175;466;713;331;309;262;345;304;256;259;199;271;190;221;499;757;527;541;442;338;299;594;275;165;298;164;214;119;262;210;209;159;419;290;247;209;163;146;162;189;174;172;156;217;168;458;364;201;247;648;345;252;200;196;151;227;167;210;156;179;191;150;511;566;401;391;234;256;363;263;259;270;185;248;217;217;332;571;347;327;330;259;315;281;288;275;225;214;160;180;759;465;287;264;229;231;208;204;184;174;160;180;,
219,6,315;87;75;103;108;78;79;87;100;103;76;78;75;79;75;85;94;115;81;76;77;81;76;76;86;87;98;66;74;77;77;77;76;78;80;103;94;78;76;78;115;74;78;90;97;82;74;76;75;96;74;78;79;85;83;82;71;77;74;74;77;83;96;82;77;83;78;75;76;79;82;88;83;77;79;77;77;77;77;82;100;85;76;76;88;77;77;90;89;86;95;65;60;64;75;75;78;79;83;230;78;76;81;75;76;80;78;91;79;78;76;82;76;79;85;79;100;106;75;93;102;89;80;83;83;108;83;97;78;76;78;76;77;76;83;84;76;75;77;75;77;73;78;137;85;75;75;75;77;75;74;117;80;88;82;92;72;118;78;73;70;63;74;61;75;76;73;83;129;105;80;81;75;99;75;77;77;77;81;86;84;75;75;92;81;100;87;85;80;125;99;120;77;75;84;90;96;83;,
361,6,670;244;149;152;347;173;211;193;174;164;151;147;155;184;174;147;146;155;150;147;168;190;162;155;160;149;143;161;168;165;187;237;190;154;189;151;159;160;192;223;211;167;228;159;167;160;214;202;150;135;204;150;162;226;156;266;203;146;153;160;169;165;148;197;241;147;150;143;160;144;153;159;154;149;192;196;174;171;182;243;276;364;337;363;507;660;234;337;310;245;269;473;537;461;408;291;307;239;358;237;261;247;171;184;336;219;272;152;146;163;155;172;195;224;185;187;248;139;312;146;160;146;161;253;179;202;170;140;165;148;158;245;306;220;220;236;240;234;183;243;198;151;191;152;149;185;229;208;154;155;175;170;178;145;161;149;180;165;143;157;207;228;234;168;150;170;170;204;190;239;247;204;147;167;156;156;177;156;144;164;153;271;188;149;123;196;156;248;364;251;287;287;231;190;241;200;180;154;,
359,6,877;929;916;364;417;430;407;359;422;611;609;608;371;443;365;5813;483;431;412;378;557;374;445;403;407;389;371;540;400;438;403;366;378;369;432;363;430;370;443;398;388;1202;484;545;379;626;676;458;362;2812;793;527;1124;777;5232;666;419;569;411;418;934;765;370;369;378;444;432;418;351;592;353;402;574;587;408;435;406;418;420;436;428;601;565;443;406;356;414;420;421;434;551;602;1064;911;504;371;428;412;443;594;597;360;365;358;591;426;448;412;597;580;361;968;594;432;424;348;448;603;607;611;450;447;436;507;429;465;455;542;360;373;361;363;354;421;437;602;621;363;344;366;440;359;363;374;627;626;367;422;360;438;347;344;359;586;575;429;353;352;432;427;445;414;597;639;359;423;431;413;432;451;448;608;580;364;356;377;435;430;356;447;617;605;436;357;351;370;354;356;363;599;600;438;453;364;365;360;357;437;,
343,6,507;423;426;773;1168;1063;205;773;732;902;1450;286;558;472;258;249;521;138;286;232;250;171;404;448;393;666;847;283;552;705;261;791;574;145;297;352;384;666;445;196;306;440;200;604;422;213;258;582;351;470;762;945;1295;1300;1116;747;762;533;458;721;487;451;484;239;132;219;326;164;414;141;234;148;153;365;1036;347;813;544;1281;1810;1353;1161;1148;1234;1222;1358;1232;1031;677;723;625;649;1587;1746;1689;2784;2700;1812;3240;3456;2930;4022;3227;1921;1306;1532;842;1527;1458;1884;1215;1407;1370;1141;734;660;757;1531;1973;1503;1491;1809;1536;1600;1621;1596;1435;3078;939;1751;1365;1134;1224;1158;1054;885;1065;2149;536;1513;990;959;1996;1658;1749;1597;1325;1072;1010;1430;454;982;1031;1095;1121;905;1563;1510;1638;1511;1626;2150;1688;1674;1195;966;1535;2090;2171;1545;1124;2672;1658;1737;1973;2744;1725;1906;1568;948;1187;857;1884;1852;1696;2031;1616;1105;1083;2040;1358;1443;889;1189;808;812;425;558;,
233,6,428;120;81;99;77;92;81;78;85;79;83;78;82;77;78;82;81;78;76;80;77;81;80;89;77;76;97;83;100;79;82;81;76;80;84;81;84;78;78;84;84;77;77;77;103;88;80;77;89;77;82;77;84;80;79;79;78;79;85;84;82;78;76;86;82;86;82;75;79;85;81;80;77;89;76;80;80;80;102;87;76;77;79;78;83;81;78;88;80;79;79;79;92;76;83;80;81;78;77;82;77;104;81;83;76;92;81;86;89;94;81;80;81;81;79;86;78;76;77;96;77;82;102;78;79;80;81;141;145;139;137;143;143;146;137;140;151;140;78;112;86;104;78;89;82;78;98;80;78;83;80;78;82;108;112;76;79;90;80;89;83;81;82;81;79;77;83;98;88;82;80;77;85;102;78;76;79;78;109;96;90;89;80;79;82;76;85;79;82;81;80;81;81;84;81;79;79;79;,
223,7,579;178;152;155;168;155;166;160;172;172;184;150;172;160;160;152;162;174;166;172;176;149;143;149;155;195;183;162;175;151;191;196;174;173;169;174;164;144;388;218;171;166;157;181;142;149;165;142;139;149;164;163;164;171;157;149;162;141;168;175;172;170;171;175;155;174;208;166;155;161;172;210;183;183;172;178;161;155;180;153;417;156;171;161;173;170;161;173;144;159;162;145;152;156;172;174;170;161;158;168;190;161;177;176;167;177;151;151;172;141;190;169;150;179;161;153;176;165;165;146;151;151;601;182;161;163;205;153;166;167;186;181;189;183;172;206;197;155;148;162;201;148;156;173;171;157;180;185;152;167;154;204;213;165;176;160;151;168;150;192;164;160;186;169;166;170;158;176;180;169;161;144;158;192;173;191;194;173;161;189;147;156;171;172;182;149;174;188;244;159;201;149;172;181;195;183;169;174;,
335,7,201;177;145;89;93;104;91;106;87;99;91;97;99;91;91;92;85;94;87;86;87;88;95;91;90;88;91;90;97;187;98;101;95;109;131;145;137;113;119;134;145;115;100;90;113;119;119;110;113;121;116;125;119;108;102;92;96;91;87;142;126;93;89;90;85;103;94;91;91;92;96;95;93;88;106;91;95;92;92;203;89;96;85;90;87;99;105;91;139;118;104;101;95;95;98;139;102;101;133;145;147;107;126;116;118;124;116;121;121;91;96;90;88;93;96;93;93;96;91;90;96;104;92;87;90;89;97;89;94;130;122;114;114;119;116;123;131;109;111;119;91;96;91;93;90;84;92;91;88;86;87;90;95;93;85;99;86;95;131;98;89;93;91;89;95;147;121;93;94;117;86;93;86;90;88;94;103;94;102;89;88;84;94;96;99;101;88;93;90;87;96;106;90;88;92;97;108;93;,
207,7,276;97;71;94;200;119;76;76;86;78;76;95;110;114;72;85;80;84;85;95;73;84;223;208;379;173;87;71;75;106;105;133;75;82;101;100;118;79;110;75;147;109;115;151;130;163;93;101;131;109;125;109;136;105;115;117;158;123;118;139;132;116;102;130;110;102;114;101;106;156;111;108;112;112;126;120;111;146;112;128;121;89;83;117;119;168;103;75;128;119;115;107;104;103;117;120;110;113;101;116;104;123;111;115;83;119;86;123;108;636;192;167;105;139;112;125;115;123;125;140;148;164;101;107;110;131;166;112;119;114;109;107;132;119;130;101;134;120;181;107;107;175;126;116;139;101;113;171;117;135;112;115;126;135;131;438;350;670;1104;109;154;118;109;125;119;126;134;112;124;128;115;152;160;81;257;139;123;88;139;112;97;106;76;118;88;118;127;110;89;82;113;225;93;92;100;108;110;114;,
190,7,286;81;83;101;69;108;102;72;78;77;107;71;77;102;117;74;74;83;85;120;77;116;69;104;100;132;72;98;79;100;69;69;71;85;78;71;74;72;105;74;68;95;69;83;105;74;69;68;73;93;70;77;76;78;69;83;79;69;71;114;97;70;72;103;73;72;67;70;79;79;118;84;157;104;82;122;79;86;69;74;72;83;69;83;73;108;112;70;69;69;103;74;91;71;72;70;74;73;76;79;68;96;67;83;88;76;84;77;82;88;77;80;79;77;110;76;80;126;119;83;86;77;76;115;97;125;158;76;147;114;119;135;121;81;217;154;114;143;137;183;138;78;159;80;111;163;77;158;272;410;302;234;312;398;310;275;293;310;289;249;276;181;202;151;215;120;145;113;345;121;89;98;83;101;127;129;132;75;103;136;86;115;376;118;158;93;165;141;122;138;82;146;94;121;133;113;110;142;,
310,7,1335;310;71;102;166;55;55;50;55;49;47;52;52;105;104;349;1072;1241;1395;1526;962;1168;1288;1061;1067;1242;503;319;1204;1172;1414;1083;697;469;1125;1351;1511;763;1180;806;901;1232;996;1336;1407;1254;1087;1313;1196;295;147;93;70;46;57;53;49;52;49;51;53;52;48;50;49;49;50;49;263;75;101;79;50;59;47;48;53;47;48;49;51;56;50;51;51;49;49;51;48;51;51;51;46;47;49;52;49;52;54;52;49;52;77;51;49;54;50;52;49;48;48;49;50;50;51;50;51;52;52;49;51;53;74;50;52;77;50;74;76;52;52;60;56;50;49;79;49;51;49;58;47;48;47;50;49;48;50;52;49;103;57;62;55;51;47;49;51;124;139;738;1019;895;1256;1152;1161;782;1104;1143;966;725;798;1327;984;881;756;472;204;885;645;1197;1044;1087;967;1498;940;1051;1198;1131;827;1163;1051;843;608;556;256;634;909;897;,
278,7,2743;364;361;201;193;190;193;194;191;220;208;197;189;187;191;195;218;192;222;220;188;187;190;195;188;189;197;218;214;188;210;188;189;191;193;186;206;213;224;196;187;188;188;186;190;211;209;189;188;215;189;192;189;190;215;209;190;191;189;189;192;219;190;210;211;193;197;192;191;213;189;191;221;233;193;190;196;189;190;190;189;212;219;190;189;189;210;191;193;190;214;205;190;194;189;190;187;188;189;212;218;188;189;189;187;201;191;191;210;217;192;195;191;187;340;194;199;218;206;190;189;196;196;212;191;188;218;217;189;188;199;189;192;194;189;210;212;190;192;196;186;188;188;190;229;208;195;188;189;192;191;193;190;211;215;191;196;189;189;187;195;198;226;217;188;190;187;188;189;195;200;204;215;186;202;187;188;189;191;191;211;223;188;189;188;188;189;187;194;220;205;188;194;191;189;188;189;190;,
286,7,320;71;106;81;87;120;106;110;99;99;94;94;106;97;83;105;97;97;101;101;75;76;104;79;102;107;78;109;116;106;111;83;73;77;106;83;112;108;85;99;107;106;90;107;89;91;76;106;83;103;128;128;94;78;106;115;108;103;86;116;112;128;92;91;99;102;105;106;106;109;111;78;96;108;119;103;111;83;110;95;94;104;99;102;95;97;105;88;77;76;109;97;88;111;100;98;96;107;91;106;106;93;115;142;105;121;108;95;89;70;79;98;76;107;102;116;88;82;89;110;82;112;85;109;86;108;88;87;130;106;82;105;113;106;83;104;95;71;85;101;103;96;84;89;107;105;109;106;103;84;94;95;87;100;110;104;98;96;112;108;133;102;110;102;115;108;102;96;114;88;93;109;107;97;93;114;94;119;106;90;120;104;88;111;114;91;95;107;84;97;111;119;116;85;108;82;105;84;,
179,7,405;150;91;84;87;81;85;92;87;94;87;82;86;79;99;98;87;88;83;82;89;86;87;104;85;83;81;92;93;85;82;88;86;82;89;95;80;83;91;99;86;97;90;86;90;84;81;78;99;84;88;91;84;90;85;87;81;84;83;85;84;85;89;82;81;85;83;86;88;91;94;88;83;83;86;85;87;86;83;87;85;97;82;82;85;83;89;89;307;138;87;85;88;87;86;88;89;87;87;95;86;84;81;84;84;88;87;89;89;86;84;80;83;85;82;86;86;88;84;87;85;92;91;94;86;87;89;85;93;85;93;85;84;83;87;88;99;85;85;86;87;82;82;83;87;82;88;89;91;95;86;91;107;84;85;84;88;79;83;85;88;86;93;84;86;90;92;87;91;88;85;92;85;100;84;88;102;84;82;91;85;86;84;86;81;85;88;90;88;85;84;80;79;81;84;83;80;85;,
231,7,235;100;69;61;55;86;90;85;66;91;67;69;90;78;80;80;63;79;88;85;69;64;62;87;88;55;54;124;69;82;86;84;91;85;62;86;80;59;92;360;91;98;69;74;71;63;108;82;72;119;118;96;76;63;63;63;70;61;63;65;71;66;88;64;61;59;75;77;58;69;75;533;108;187;81;101;83;65;70;80;70;83;62;158;83;93;67;72;95;85;61;87;92;68;82;69;105;88;68;66;78;91;88;88;89;90;70;82;61;90;80;63;93;112;59;89;63;78;82;64;67;60;97;61;88;76;73;104;189;70;123;432;317;83;68;62;348;84;775;67;123;87;82;83;65;60;85;77;64;60;105;90;64;82;98;61;79;125;89;62;81;63;76;99;82;105;63;125;90;84;87;82;96;82;73;82;54;90;82;74;72;90;80;87;443;90;76;87;86;187;145;261;78;100;74;83;110;86;,
246,7,398;217;165;147;182;173;157;149;150;179;146;185;159;180;212;135;156;168;118;182;135;155;139;181;150;144;126;144;136;206;146;226;151;181;183;148;132;204;158;153;150;152;122;171;164;153;137;179;147;173;145;147;156;143;167;187;141;161;138;190;156;162;201;163;165;155;136;259;158;179;121;188;129;134;151;183;131;156;159;217;182;137;149;144;128;146;154;184;136;200;152;147;166;137;115;152;127;275;164;198;137;153;158;169;150;181;134;167;147;150;139;208;202;145;135;178;140;163;152;191;244;178;209;142;166;124;159;136;178;143;147;153;131;125;116;139;175;141;156;160;192;182;171;200;136;145;160;151;173;180;156;147;158;143;149;135;203;185;141;143;182;153;149;131;141;155;152;165;168;192;165;159;164;177;158;189;185;139;152;160;156;160;141;136;131;163;153;137;163;153;184;152;161;160;166;165;152;155;,
254,7,511;155;587;529;148;128;131;127;149;114;143;144;157;152;118;127;133;119;140;119;124;156;153;276;137;150;155;106;123;110;131;153;140;117;128;114;129;138;150;117;140;131;140;123;153;127;115;118;112;120;115;142;125;147;141;128;139;114;136;127;154;115;126;161;116;125;113;128;131;146;145;118;146;263;124;116;142;147;119;125;119;142;115;167;115;156;132;138;120;143;138;119;145;178;129;156;147;139;123;126;114;122;138;130;126;155;125;148;123;124;128;135;143;130;166;150;143;116;123;140;137;124;134;161;127;126;212;151;143;129;139;152;125;132;134;144;136;138;121;145;124;131;136;179;136;114;144;125;151;165;134;198;154;171;189;130;129;191;137;160;130;125;143;150;131;155;121;142;116;145;160;170;215;126;147;130;136;148;137;133;156;245;119;119;405;114;155;143;170;209;198;203;139;146;156;138;121;123;,
294,7,1041;4572;5775;2076;1509;1406;1463;1033;1845;712;1357;1191;1180;2142;2304;1771;1520;1014;1388;3587;1999;628;974;1042;2545;8920;4523;1244;3327;1707;687;1618;972;730;977;1127;3304;349;1555;1105;662;865;1311;1220;1411;4026;779;2351;1805;1896;1565;2460;709;646;537;442;395;474;507;361;384;355;416;339;356;273;282;293;194;271;251;224;814;526;520;211;261;198;270;215;267;303;239;199;323;231;182;247;184;200;242;333;232;285;208;208;294;261;215;266;229;211;260;238;239;312;276;255;236;308;216;247;216;191;292;226;221;298;226;220;213;188;278;227;217;194;202;294;207;231;229;192;187;207;210;202;178;188;232;248;177;204;205;202;268;186;204;199;206;242;203;235;182;236;260;243;200;269;210;215;276;300;312;388;220;240;340;191;217;212;398;257;329;220;356;203;213;250;301;221;225;224;205;185;240;195;228;210;245;188;234;210;183;190;191;232;219;417;,
302,7,80;46;44;44;44;43;44;44;43;44;46;43;45;43;43;44;44;45;43;44;43;44;43;44;44;45;45;44;44;44;44;44;44;44;44;44;43;44;46;44;44;45;44;43;44;44;44;45;45;44;44;43;44;44;45;44;44;44;43;47;44;44;45;44;44;45;44;44;45;44;44;44;43;44;44;43;44;45;44;44;44;45;44;44;44;44;44;44;43;45;43;44;44;44;43;44;44;44;44;44;43;43;44;45;44;43;44;44;44;44;44;43;43;45;44;43;44;44;45;46;44;44;45;45;44;45;43;44;44;44;46;45;44;44;44;44;44;44;44;44;44;44;44;44;44;44;44;44;46;47;44;44;45;44;44;44;45;44;44;44;44;44;43;44;44;48;45;45;46;44;44;44;47;44;44;44;44;44;45;45;48;48;44;46;43;44;45;45;47;45;44;46;45;47;47;44;44;45;,
262,7,263;83;70;76;73;68;61;68;66;74;69;76;71;74;78;74;74;76;63;65;59;75;75;70;82;68;70;74;75;74;74;73;67;78;78;70;65;78;71;74;82;79;77;77;61;76;80;83;57;76;66;78;81;76;66;73;79;77;51;59;92;71;73;63;69;69;70;52;60;73;73;77;76;81;79;83;71;74;80;58;60;78;56;63;54;52;51;49;52;52;53;50;50;50;48;49;70;63;66;73;75;81;76;77;73;80;80;75;73;67;74;74;64;73;77;76;75;73;75;84;62;74;72;65;65;75;73;75;83;70;71;74;73;73;71;78;70;75;76;73;74;78;83;72;77;71;69;78;76;61;67;76;66;71;85;74;80;74;72;73;78;72;85;74;76;67;62;73;77;73;76;73;73;72;73;63;83;64;74;76;77;73;76;76;60;74;75;71;63;64;76;67;61;74;76;76;75;73;,
341,7,301;283;82;77;74;100;80;74;76;75;75;74;82;72;74;97;73;74;76;82;77;75;72;77;76;95;88;95;75;89;76;91;84;81;85;74;77;80;78;80;79;77;75;77;100;73;77;90;77;73;80;72;89;72;86;73;115;79;83;73;82;79;72;89;73;77;86;73;161;73;92;74;74;74;74;72;107;88;94;74;74;80;76;71;74;80;97;75;77;80;73;100;74;96;78;75;86;76;101;72;76;74;93;83;73;107;74;82;72;86;94;74;80;80;75;100;74;73;70;93;74;78;101;79;95;86;72;75;72;98;138;82;78;88;73;79;72;85;98;81;72;87;74;75;76;70;92;75;84;76;74;93;89;79;70;74;90;74;73;69;75;75;82;73;72;96;81;243;187;72;80;76;73;88;80;74;74;90;89;71;81;74;74;76;72;85;81;75;101;95;71;71;73;73;73;86;73;79;,
